Date,Global,Africa,Asia,Europe,North America,Oceania,South America,Afghanistan,Albania,Algeria,Andorra,Angola,Anguilla,Antigua and Barbuda,Argentina,Armenia,Aruba,Australia,Austria,Azerbaijan,Bahamas,Bahrain,Bangladesh,Barbados,Belarus,Belgium,Belize,Benin,Bermuda,Bhutan,Bolivia,"Bonaire, Saint Eustatius and Saba",Bosnia and Herzegovina,Botswana,Brazil,British Virgin Islands,Brunei Darussalam,Bulgaria,Burkina Faso,Burundi,Cambodia,Cameroon,Canada,Cape Verde,Cases on an international conveyance Japan,Cayman Islands,Central African Republic,Chad,Chile,China,Colombia,Comoros,Congo,Costa Rica,Cote dIvoire,Croatia,Cuba,CuraÃ§ao,Cyprus,Czechia,Democratic Republic of the Congo,Denmark,Djibouti,Dominica,Dominican Republic,Ecuador,Egypt,El Salvador,Equatorial Guinea,Eritrea,Estonia,Eswatini,Ethiopia,Falkland Islands (Malvinas),Faroe Islands,Fiji,Finland,France,French Polynesia,Gabon,Gambia,Georgia,Germany,Ghana,Gibraltar,Greece,Greenland,Grenada,Guam,Guatemala,Guernsey,Guinea,Guinea Bissau,Guyana,Haiti,Holy See,Honduras,Hungary,Iceland,India,Indonesia,Iran,Iraq,Ireland,Isle of Man,Israel,Italy,Jamaica,Japan,Jersey,Jordan,Kazakhstan,Kenya,Kosovo,Kuwait,Kyrgyzstan,Laos,Latvia,Lebanon,Liberia,Libya,Liechtenstein,Lithuania,Luxembourg,Madagascar,Malawi,Malaysia,Maldives,Mali,Malta,Mauritania,Mauritius,Mexico,Moldova,Monaco,Mongolia,Montenegro,Montserrat,Morocco,Mozambique,Myanmar,Namibia,Nepal,Netherlands,New Caledonia,New Zealand,Nicaragua,Niger,Nigeria,North Macedonia,Northern Mariana Islands,Norway,Oman,Pakistan,Palestine,Panama,Papua New Guinea,Paraguay,Peru,Philippines,Poland,Portugal,Puerto Rico,Qatar,Romania,Russia,Rwanda,Saint Kitts and Nevis,Saint Lucia,Saint Vincent and the Grenadines,San Marino,Sao Tome and Principe,Saudi Arabia,Senegal,Serbia,Seychelles,Sierra Leone,Singapore,Sint Maarten,Slovakia,Slovenia,Somalia,South Africa,South Korea,South Sudan,Spain,Sri Lanka,Sudan,Suriname,Sweden,Switzerland,Syria,Taiwan,Tajikistan,Thailand,Timor Leste,Togo,Trinidad and Tobago,Tunisia,Turkey,Turks and Caicos islands,Uganda,Ukraine,United Arab Emirates,United Kingdom,United Republic of Tanzania,United States Virgin Islands,United States of America,Uruguay,Uzbekistan,Venezuela,Vietnam,Western Sahara,Yemen,Zambia,Zimbabwe
2020-01-12,0.0,0.0,0.0,0.0,0.0,0.0,0.0,0.0,0.0,0.0,0.0,0.0,0.0,0.0,0.0,0.0,0.0,0.0,0.0,0.0,0.0,0.0,0.0,0.0,0.0,0.0,0.0,0.0,0.0,0.0,0.0,0.0,0.0,0.0,0.0,0.0,0.0,0.0,0.0,0.0,0.0,0.0,0.0,0.0,0.0,0.0,0.0,0.0,0.0,0.0,0.0,0.0,0.0,0.0,0.0,0.0,0.0,0.0,0.0,0.0,0.0,0.0,0.0,0.0,0.0,0.0,0.0,0.0,0.0,0.0,0.0,0.0,0.0,0.0,0.0,0.0,0.0,0.0,0.0,0.0,0.0,0.0,0.0,0.0,0.0,0.0,0.0,0.0,0.0,0.0,0.0,0.0,0.0,0.0,0.0,0.0,0.0,0.0,0.0,0.0,0.0,0.0,0.0,0.0,0.0,0.0,0.0,0.0,0.0,0.0,0.0,0.0,0.0,0.0,0.0,0.0,0.0,0.0,0.0,0.0,0.0,0.0,0.0,0.0,0.0,0.0,0.0,0.0,0.0,0.0,0.0,0.0,0.0,0.0,0.0,0.0,0.0,0.0,0.0,0.0,0.0,0.0,0.0,0.0,0.0,0.0,0.0,0.0,0.0,0.0,0.0,0.0,0.0,0.0,0.0,0.0,0.0,0.0,0.0,0.0,0.0,0.0,0.0,0.0,0.0,0.0,0.0,0.0,0.0,0.0,0.0,0.0,0.0,0.0,0.0,0.0,0.0,0.0,0.0,0.0,0.0,0.0,0.0,0.0,0.0,0.0,0.0,0.0,0.0,0.0,0.0,0.0,0.0,0.0,0.0,0.0,0.0,0.0,0.0,0.0,0.0,0.0,0.0,0.0,0.0,0.0,0.0,0.0,0.0,0.0,0.0,0.0,0.0,0.0,0.0,0.0
2020-01-19,3.028238201595543e-09,0.0,5.132291615389995e-09,0.0,0.0,0.0,0.0,0.0,0.0,0.0,0.0,0.0,0.0,0.0,0.0,0.0,0.0,0.0,0.0,0.0,0.0,0.0,0.0,0.0,0.0,0.0,0.0,0.0,0.0,0.0,0.0,0.0,0.0,0.0,0.0,0.0,0.0,0.0,0.0,0.0,0.0,0.0,0.0,0.0,0.0,0.0,0.0,0.0,0.0,1.6104034111831746e-08,0.0,0.0,0.0,0.0,0.0,0.0,0.0,0.0,0.0,0.0,0.0,0.0,0.0,0.0,0.0,0.0,0.0,0.0,0.0,0.0,0.0,0.0,0.0,0.0,0.0,0.0,0.0,0.0,0.0,0.0,0.0,0.0,0.0,0.0,0.0,0.0,0.0,0.0,0.0,0.0,0.0,0.0,0.0,0.0,0.0,0.0,0.0,0.0,0.0,0.0,0.0,0.0,0.0,0.0,0.0,0.0,0.0,0.0,1.1290457519822937e-09,0.0,0.0,0.0,0.0,0.0,0.0,0.0,0.0,0.0,0.0,0.0,0.0,0.0,0.0,0.0,0.0,0.0,0.0,0.0,0.0,0.0,0.0,0.0,0.0,0.0,0.0,0.0,0.0,0.0,0.0,0.0,0.0,0.0,0.0,0.0,0.0,0.0,0.0,0.0,0.0,0.0,0.0,0.0,0.0,0.0,0.0,0.0,0.0,0.0,0.0,0.0,0.0,0.0,0.0,0.0,0.0,0.0,0.0,0.0,0.0,0.0,0.0,0.0,0.0,0.0,0.0,0.0,0.0,0.0,0.0,0.0,0.0,0.0,0.0,0.0,0.0,0.0,0.0,0.0,0.0,0.0,0.0,0.0,0.0,0.0,4.115229148675056e-09,0.0,0.0,0.0,0.0,0.0,0.0,0.0,0.0,0.0,0.0,0.0,0.0,0.0,0.0,0.0,0.0,0.0,0.0,0.0,0.0,0.0
2020-01-26,3.414338572298975e-08,0.0,5.7545819737560315e-08,5.4964294068721e-10,7.44547770304939e-10,1.4231613872947317e-08,0.0,0.0,0.0,0.0,0.0,0.0,0.0,0.0,0.0,0.0,0.0,2.2864121901712134e-08,0.0,0.0,0.0,0.0,0.0,0.0,0.0,0.0,0.0,0.0,0.0,0.0,0.0,0.0,0.0,0.0,0.0,0.0,0.0,0.0,0.0,0.0,0.0,0.0,3.854871905844661e-09,0.0,0.0,0.0,0.0,0.0,0.0,1.8176018118576979e-07,0.0,0.0,0.0,0.0,0.0,0.0,0.0,0.0,0.0,0.0,0.0,0.0,0.0,0.0,0.0,0.0,0.0,0.0,0.0,0.0,0.0,0.0,0.0,0.0,0.0,0.0,0.0,6.397806552116528e-09,0.0,0.0,0.0,0.0,0.0,0.0,0.0,0.0,0.0,0.0,0.0,0.0,0.0,0.0,0.0,0.0,0.0,0.0,0.0,0.0,0.0,0.0,0.0,0.0,0.0,0.0,0.0,0.0,0.0,0.0,2.2580915039645874e-09,0.0,0.0,0.0,0.0,0.0,0.0,0.0,0.0,0.0,0.0,0.0,0.0,0.0,0.0,0.0,0.0,0.0,1.8124142628937246e-08,0.0,0.0,0.0,0.0,0.0,0.0,0.0,0.0,0.0,0.0,0.0,0.0,0.0,0.0,0.0,5.086079427562981e-09,0.0,0.0,0.0,0.0,0.0,0.0,0.0,0.0,0.0,0.0,0.0,0.0,0.0,0.0,0.0,0.0,0.0,0.0,0.0,0.0,0.0,0.0,0.0,0.0,0.0,0.0,0.0,0.0,0.0,0.0,0.0,0.0,0.0,0.0,1.0134091255262252e-07,0.0,0.0,0.0,0.0,0.0,8.299976833104662e-09,0.0,0.0,0.0,0.0,0.0,0.0,0.0,0.0,1.802200515664835e-08,0.0,6.172843723012584e-09,0.0,0.0,0.0,0.0,0.0,0.0,0.0,0.0,0.0,0.0,0.0,0.0,8.732968383225016e-10,0.0,0.0,0.0,2.990507687499991e-09,0.0,0.0,0.0,0.0
2020-02-02,2.3716783065121094e-07,0.0,4.007678215167662e-07,3.84750058481047e-09,2.2336433109148173e-09,2.4905324277657805e-08,0.0,0.0,0.0,0.0,0.0,0.0,0.0,0.0,0.0,0.0,0.0,4.001221332799624e-08,0.0,0.0,0.0,0.0,0.0,0.0,0.0,0.0,0.0,0.0,0.0,0.0,0.0,0.0,0.0,0.0,0.0,0.0,0.0,0.0,0.0,0.0,8.791318074055003e-09,0.0,1.1564615717533984e-08,0.0,0.0,0.0,0.0,0.0,0.0,1.2730392825601517e-06,0.0,0.0,0.0,0.0,0.0,0.0,0.0,0.0,0.0,0.0,0.0,0.0,0.0,0.0,0.0,0.0,0.0,0.0,0.0,0.0,0.0,0.0,0.0,0.0,0.0,0.0,2.5889062777093875e-08,6.397806552116528e-09,0.0,0.0,0.0,0.0,1.3781331007632663e-08,0.0,0.0,0.0,0.0,0.0,0.0,0.0,0.0,0.0,0.0,0.0,0.0,0.0,0.0,0.0,0.0,2.112306857230249e-10,0.0,0.0,0.0,0.0,0.0,0.0,7.091880352290858e-09,0.0,1.80647320317167e-08,0.0,0.0,0.0,0.0,0.0,0.0,0.0,0.0,0.0,0.0,0.0,0.0,0.0,0.0,0.0,0.0,0.0,1.8124142628937246e-08,0.0,0.0,0.0,0.0,0.0,0.0,0.0,0.0,0.0,0.0,0.0,0.0,0.0,0.0,0.0,0.0,0.0,0.0,0.0,0.0,0.0,0.0,0.0,0.0,0.0,0.0,0.0,0.0,0.0,0.0,0.0,0.0,2.6789417420371074e-09,0.0,0.0,0.0,0.0,0.0,1.977561890642113e-09,0.0,0.0,0.0,0.0,0.0,0.0,0.0,0.0,0.0,0.0,0.0,3.5469319393417887e-07,0.0,0.0,0.0,0.0,0.0,3.319990733241865e-08,0.0,3.0574845964766836e-09,6.592392379194409e-09,0.0,0.0,1.4028742789664603e-08,0.0,0.0,4.205134536551282e-08,0.0,2.8806604040725394e-08,0.0,0.0,0.0,0.0,0.0,0.0,0.0,0.0,7.416558561672979e-08,4.297166815394833e-09,0.0,0.0,2.6198905149675047e-09,0.0,0.0,0.0,7.476269218749978e-09,0.0,0.0,0.0,0.0
2020-02-09,4.352713885018394e-07,0.0,7.369649991474071e-07,2.3817860763112437e-09,1.7372781307115244e-09,1.0673710404710486e-08,0.0,0.0,0.0,0.0,0.0,0.0,0.0,0.0,0.0,0.0,0.0,1.7148091426284102e-08,0.0,0.0,0.0,0.0,0.0,0.0,0.0,1.250711717502845e-08,0.0,0.0,0.0,0.0,0.0,0.0,0.0,0.0,0.0,0.0,0.0,0.0,0.0,0.0,0.0,0.0,1.1564615717533984e-08,0.0,0.0030476190476190473,0.0,0.0,0.0,0.0,2.3420599418818742e-06,0.0,0.0,0.0,0.0,0.0,0.0,0.0,0.0,0.0,0.0,0.0,0.0,0.0,0.0,0.0,0.0,0.0,0.0,0.0,0.0,0.0,0.0,0.0,0.0,0.0,0.0,0.0,1.0663010920194213e-08,0.0,0.0,0.0,0.0,8.613331879770414e-09,0.0,0.0,0.0,0.0,0.0,0.0,0.0,0.0,0.0,0.0,0.0,0.0,0.0,0.0,0.0,0.0,1.0561534286151245e-10,0.0,0.0,0.0,0.0,0.0,0.0,0.0,0.0,6.774274511893763e-09,0.0,0.0,0.0,0.0,0.0,0.0,0.0,0.0,0.0,0.0,0.0,0.0,0.0,0.0,0.0,0.0,0.0,3.624828525787449e-08,0.0,0.0,0.0,0.0,0.0,0.0,0.0,0.0,0.0,0.0,0.0,0.0,0.0,0.0,0.0,0.0,0.0,0.0,0.0,0.0,0.0,0.0,0.0,0.0,0.0,0.0,0.0,0.0,0.0,0.0,0.0,0.0,1.3394708710185537e-09,0.0,0.0,0.0,0.0,0.0,0.0,0.0,0.0,0.0,0.0,0.0,0.0,0.0,0.0,0.0,0.0,0.0,5.573750190394239e-07,0.0,0.0,0.0,0.0,0.0,2.766658944368221e-08,0.0,0.0,0.0,0.0,0.0,0.0,0.0,0.0,4.8058680417728933e-08,0.0,2.6748989466387868e-08,0.0,0.0,0.0,0.0,0.0,0.0,0.0,0.0,2.966623424669191e-08,4.297166815394833e-09,0.0,0.0,1.7465936766450031e-09,0.0,0.0,0.0,1.0466776906249969e-08,0.0,0.0,0.0,0.0
2020-02-16,6.002157380449966e-07,1.1258697818055626e-10,1.0168031994765465e-06,1.4657145084992267e-09,9.927303604065854e-10,3.557903468236829e-09,0.0,0.0,0.0,0.0,0.0,0.0,0.0,0.0,0.0,0.0,0.0,5.716030475428034e-09,0.0,0.0,0.0,0.0,0.0,0.0,0.0,0.0,0.0,0.0,0.0,0.0,0.0,0.0,0.0,0.0,0.0,0.0,0.0,0.0,0.0,0.0,0.0,0.0,3.854871905844661e-09,0.0,0.013857142857142856,0.0,0.0,0.0,0.0,3.2140369736314396e-06,0.0,0.0,0.0,0.0,0.0,0.0,0.0,0.0,0.0,0.0,0.0,0.0,0.0,0.0,0.0,0.0,1.4514521935227304e-09,0.0,0.0,0.0,0.0,0.0,0.0,0.0,0.0,0.0,0.0,0.0,0.0,0.0,0.0,0.0,3.4453327519081657e-09,0.0,0.0,0.0,0.0,0.0,0.0,0.0,0.0,0.0,0.0,0.0,0.0,0.0,0.0,0.0,0.0,0.0,0.0,0.0,0.0,0.0,0.0,0.0,0.0,0.0,3.048423530352194e-08,0.0,0.0,0.0,0.0,0.0,0.0,0.0,0.0,0.0,0.0,0.0,0.0,0.0,0.0,0.0,0.0,0.0,2.718621394340587e-08,0.0,0.0,0.0,0.0,0.0,0.0,0.0,0.0,0.0,0.0,0.0,0.0,0.0,0.0,0.0,0.0,0.0,0.0,0.0,0.0,0.0,0.0,0.0,0.0,0.0,0.0,0.0,0.0,0.0,0.0,0.0,0.0,0.0,0.0,0.0,0.0,0.0,0.0,0.0,0.0,0.0,0.0,0.0,0.0,0.0,0.0,0.0,0.0,0.0,0.0,8.107273004209802e-07,0.0,0.0,0.0,0.0,0.0,1.1066635777472885e-08,0.0,3.0574845964766836e-09,0.0,0.0,0.0,0.0,0.0,0.0,0.0,0.0,4.115229148675056e-09,0.0,0.0,0.0,0.0,0.0,0.0,0.0,0.0,1.4833117123345956e-08,1.0742917038487083e-08,0.0,0.0,1.3099452574837523e-09,0.0,0.0,0.0,2.990507687499991e-09,0.0,0.0,0.0,0.0
2020-02-23,1.8069118819145407e-07,0.0,3.028693589532021e-07,1.4107502144305057e-08,5.2118343921345736e-09,2.4905324277657805e-08,0.0,0.0,0.0,0.0,0.0,0.0,0.0,0.0,0.0,0.0,0.0,4.001221332799624e-08,0.0,0.0,0.0,0.0,0.0,0.0,0.0,0.0,0.0,0.0,0.0,0.0,0.0,0.0,0.0,0.0,0.0,0.0,0.0,0.0,0.0,0.0,0.0,0.0,3.854871905844661e-09,0.0,0.013285714285714284,0.0,0.0,0.0,0.0,8.667457849998615e-07,0.0,0.0,0.0,0.0,0.0,0.0,0.0,0.0,0.0,0.0,0.0,0.0,0.0,0.0,0.0,0.0,0.0,0.0,0.0,0.0,0.0,0.0,0.0,0.0,0.0,0.0,0.0,2.1326021840388426e-09,0.0,0.0,0.0,0.0,0.0,0.0,0.0,0.0,0.0,0.0,0.0,0.0,0.0,0.0,0.0,0.0,0.0,0.0,0.0,0.0,0.0,0.0,0.0,4.8899594694486884e-08,0.0,0.0,0.0,1.6080634734814253e-08,1.7966096892470177e-07,0.0,9.032366015858351e-08,0.0,0.0,0.0,0.0,0.0,0.0,0.0,0.0,0.0,2.0858330739078446e-08,0.0,0.0,0.0,0.0,0.0,0.0,0.0,0.0,0.0,0.0,0.0,0.0,0.0,0.0,0.0,0.0,0.0,0.0,0.0,0.0,0.0,0.0,0.0,0.0,0.0,0.0,0.0,0.0,0.0,0.0,0.0,0.0,0.0,0.0,0.0,0.0,0.0,0.0,0.0,0.0,0.0,0.0,0.0,0.0,0.0,0.0,0.0,0.0,0.0,0.0,0.0,0.0,0.0,0.0,0.0,0.0,0.0,0.0,4.3069887834864577e-07,0.0,0.0,0.0,0.0,0.0,1.5825289161786225e-06,0.0,0.0,0.0,0.0,0.0,0.0,0.0,0.0,4.8058680417728933e-08,0.0,2.057614574337528e-09,0.0,0.0,0.0,0.0,0.0,0.0,0.0,0.0,7.416558561672979e-08,0.0,0.0,0.0,8.732968383225016e-09,0.0,0.0,0.0,0.0,0.0,0.0,0.0,0.0
2020-03-01,1.5546217867441118e-07,4.5034791272222503e-10,2.1642232205647683e-07,2.575993248687391e-07,1.2160946914980671e-08,1.7789517341184147e-08,9.96552620205974e-10,3.8430985532417225e-09,0.0,1.0148884027190037e-08,0.0,0.0,0.0,0.0,0.0,4.839701347837466e-08,0.0,2.2864121901712134e-08,1.6147456245197443e-07,1.4368572093548945e-08,0.0,3.7319977757293255e-06,0.0,0.0,1.5060762193245784e-08,0.0,0.0,0.0,0.0,0.0,0.0,0.0,0.0,0.0,1.3639910034672507e-09,0.0,0.0,0.0,0.0,0.0,0.0,0.0,4.2403590964291274e-08,0.0,0.0033809523809523808,0.0,0.0,0.0,0.0,2.987965055271712e-07,0.0,0.0,0.0,0.0,0.0,1.7466760754284596e-07,0.0,0.0,0.0,0.0,0.0,7.392417774506715e-08,0.0,0.0,0.0,8.361868278516004e-09,0.0,0.0,0.0,0.0,1.081526787039156e-07,0.0,0.0,0.0,0.0,0.0,5.177812555418775e-08,1.8766899219541816e-07,0.0,0.0,0.0,1.1486771068652601e-07,1.6537597209159194e-07,0.0,0.0,9.321690417712405e-08,0.0,0.0,0.0,0.0,0.0,0.0,0.0,0.0,0.0,0.0,0.0,0.0,4.0403746558610887e-07,0.0,0.0,9.86723964370896e-07,4.8320814525385526e-08,2.943380369925222e-08,0.0,9.648380840888551e-08,2.4797941631843703e-06,0.0,1.2080789546210544e-07,0.0,0.0,0.0,0.0,0.0,1.5538050043087014e-06,0.0,0.0,0.0,6.257499221723534e-08,0.0,0.0,0.0,5.121184902890299e-08,2.3506756782169466e-07,0.0,0.0,1.3593106971702934e-08,0.0,0.0,0.0,0.0,0.0,4.528290697642457e-09,0.0,3.693116768966001e-06,0.0,0.0,0.0,0.0,0.0,0.0,0.0,0.0,5.8034879775233234e-08,0.0,2.924104858400222e-08,0.0,0.0,7.293290745766547e-10,6.85837846260668e-08,0.0,4.032219910177194e-07,1.774812867428785e-07,2.6926866180428944e-09,0.0,0.0,0.0,0.0,0.0,0.0,0.0,0.0,0.0,5.135648130862888e-08,2.2007437457503638e-08,0.0,0.0,0.0,0.0,0.0,4.228419205480031e-06,0.0,0.0,0.0,0.0,0.0,0.0,3.2935796579602326e-07,0.0,0.0,0.0,0.0,0.0,8.092477412277046e-06,0.0,1.9567901417450775e-07,0.0,0.0,0.0,1.6834491347597525e-07,3.0193337501244007e-07,0.0,8.410269073102564e-08,0.0,1.4403302020362697e-08,0.0,0.0,0.0,0.0,0.0,0.0,0.0,0.0,1.1866493698676765e-07,3.008016770776383e-08,0.0,0.0,1.4846046251482526e-08,0.0,0.0,0.0,0.0,0.0,0.0,0.0,0.0
2020-03-08,3.557801357099564e-07,4.390892149041694e-09,3.3023088862775e-07,1.459485221838105e-06,1.0051394899116677e-07,1.8501098034831514e-07,1.3619552476148313e-08,1.1529295659725167e-08,0.0,4.736145879355351e-08,1.8551430129748701e-06,0.0,0.0,0.0,2.8896025978991423e-08,0.0,0.0,2.7436946282054564e-07,1.4371236058225725e-06,1.1494857674839156e-07,0.0,2.00253539185476e-06,0.0,0.0,7.530381096622893e-08,2.1011956854047795e-06,0.0,0.0,0.0,1.8936675378799786e-07,0.0,0.0,8.595679562177342e-08,0.0,7.501950519069879e-09,0.0,0.0,4.0675612155760255e-08,0.0,0.0,8.791318074055003e-09,5.665283954031002e-09,1.4263026051625246e-07,0.0,0.0,0.0,0.0,0.0,3.813762679616781e-08,9.077751712720443e-08,2.877360052076764e-09,0.0,0.0,2.857462321430393e-08,0.0,2.4453465055998435e-07,0.0,0.0,0.0,3.4955696679470984e-07,0.0,6.899589922872934e-07,0.0,0.0,2.6885278031750304e-08,1.0034241934219206e-07,2.0320330709318227e-08,0.0,0.0,0.0,9.733741083352406e-07,0.0,0.0,0.0,0.0,0.0,4.14225004433502e-07,1.313682945367927e-06,0.0,0.0,0.0,3.4460313205957806e-07,1.267882452702205e-06,0.0,0.0,7.856853352071884e-07,0.0,0.0,0.0,0.0,0.0,0.0,0.0,0.0,0.0,0.00014285714285714284,0.0,1.0236687571688803e-07,2.1009948210477663e-05,3.2740756287068864e-09,2.134877225305621e-09,9.133745723291657e-06,1.523964150416005e-07,5.2980846658654e-07,0.0,2.8945142522665656e-07,1.1240630358381011e-05,0.0,2.438738824281755e-07,0.0,1.434883336882039e-08,0.0,0.0,0.0,5.524640015319826e-07,0.0,0.0,1.483042081170749e-07,3.754499533034121e-07,0.0,0.0,3.7683234728869125e-06,0.0,4.701351356433893e-07,0.0,0.0,3.0811042469193314e-07,5.540362649977617e-07,0.0,8.863388591637097e-07,0.0,0.0,1.1320726744106142e-09,4.0288171622454226e-08,0.0,0.0,0.0,0.0,7.930089410251383e-09,0.0,0.0,0.0,0.0,1.5006161770453165e-06,0.0,1.1696419433600888e-07,0.0,0.0,0.0,1.371675692521336e-07,0.0,3.548353520955931e-06,2.958021445714642e-07,1.3463433090214472e-09,5.940542857436758e-07,0.0,0.0,2.0537044957871025e-08,4.465785101633588e-09,4.018412613055661e-09,2.2569131846295364e-08,2.917787826639053e-07,0.0,5.649212943949177e-07,7.335812485834546e-08,7.910247562568452e-09,0.0,0.0,0.0,0.0,0.00010571048013700078,0.0,2.9673637172189025e-08,3.604236130809262e-08,2.0460530531735632e-08,0.0,0.0,9.120682129736029e-07,3.4435024552172502e-06,7.868011071970087e-08,8.292100861798042e-07,0.0,4.944897107743033e-09,9.982105471280542e-06,0.0,1.112924393117513e-06,0.0,0.0,0.0,2.076253932870361e-06,4.1264227918366815e-06,0.0,3.0036675261080587e-08,0.0,1.6460916594700225e-08,0.0,1.8108181098760244e-08,0.0,1.2352323647481086e-08,0.0,0.0,0.0,3.2014587177724997e-09,3.5599481096030294e-07,3.931907636086272e-07,0.0,0.0,1.5894002457469528e-07,0.0,0.0,0.0,7.476269218749978e-09,0.0,0.0,0.0,0.0
2020-03-15,9.264516248006365e-07,2.195446074520847e-08,3.2118522465562507e-07,6.485053842854828e-06,6.981376259559311e-07,6.333068173461556e-07,1.1792539339104028e-07,2.3058591319450333e-08,1.8938797382379106e-06,6.765922684793359e-08,1.8551430129748701e-06,0.0,0.0,1.4836751226257488e-06,1.155841039159657e-07,9.195432560891187e-07,2.6993649743897746e-06,1.0003053331999059e-06,8.97798567232978e-06,1.4368572093548944e-07,0.0,1.3471601727022932e-05,2.656060667003784e-09,0.0,2.2591143289868676e-07,6.5037009310147945e-06,0.0,0.0,0.0,0.0,1.2583049067574673e-07,0.0,4.297839781088671e-08,0.0,7.365551418723154e-08,0.0,1.332119328585216e-05,7.93174437037325e-07,2.1698132756336586e-08,0.0,4.395659037027502e-08,1.1330567908062004e-08,7.208610463929517e-07,0.0,-0.0004285714285714286,0.0,0.0,0.0,4.2714142011707945e-07,1.8565797288162713e-08,9.495288171853321e-08,0.0,0.0,7.429402035719022e-07,2.2794022561626105e-08,8.733380377142299e-07,5.0398801939839806e-08,8.93700572772697e-07,2.522566459115504e-06,2.5275657599002094e-06,3.3986056102342768e-09,1.9614548495024484e-05,0.0,0.0,1.2098375114287637e-07,1.2542802417774008e-07,1.1321327109477298e-07,0.0,1.0913673064334574e-07,0.0,1.1356031263911139e-05,1.0450412791305257e-07,1.3079214433554532e-09,0.0,0.0,0.0,4.94481099042493e-06,8.067634062218943e-06,0.0,6.740849717811178e-08,0.0,6.892062641191561e-07,5.078420476312636e-06,9.598321936893758e-09,0.0,2.157305496670585e-06,0.0,0.0,0.0,8.282626472869441e-09,0.0,1.1507449934595106e-08,0.0,1.833843508597425e-07,0.0,0.0,4.470095907695738e-08,3.5097214531504466e-07,3.4343184574819255e-05,5.9144592002446974e-09,4.910217618202928e-08,1.2060735748575944e-05,1.1522655771438088e-07,3.237718406917744e-06,0.0,2.4603371144265808e-06,3.610712683363019e-05,3.894083840111838e-07,3.6693986939424553e-07,0.0,0.0,4.689863508010244e-08,2.7796998630191704e-09,0.0,1.4847470041172035e-06,0.0,0.0,1.7796504974048987e-06,1.4809414824745697e-06,0.0,0.0,1.1304970418660738e-05,4.0969479223122393e-07,8.227364873759314e-06,0.0,0.0,6.570001702989752e-07,1.939126927492166e-06,0.0,4.4316942958185485e-06,3.244306007744223e-08,0.0,4.075461627878212e-08,7.654752608266303e-07,7.386233537932002e-06,4.5062387974903494e-08,0.0,0.0,6.344071528201106e-08,0.0,0.0,1.1670119563292455e-07,0.0,6.392127472386403e-06,0.0,8.772314575200666e-08,0.0,0.0,7.293290745766547e-10,6.858378462606681e-07,0.0,2.042991421156445e-05,1.1832085782858567e-07,1.6156119708257366e-08,5.940542857436758e-07,1.4706832462603347e-06,0.0,1.2322226974722614e-07,1.8756297426861067e-07,1.4064444145694813e-07,3.6862915348949095e-07,2.0563457063932373e-06,0.0,1.6690856425304387e-05,7.335812485834546e-07,4.8450266320731764e-08,1.1612571226141086e-08,0.0,1.570816738309e-06,1.2962266841225193e-06,0.0002790756675616821,0.0,3.3488819094327617e-07,1.5318003555939365e-07,9.207238739281036e-07,2.952752999258859e-06,0.0,1.9254773384998284e-06,0.0,1.0752948465025786e-06,1.1678042047032244e-05,0.0,5.439386818517336e-08,2.8441253948105313e-06,0.0,1.627499050704539e-05,6.59239237919441e-08,3.41750966064194e-09,2.4801974832444057e-07,1.0703930748514093e-05,1.8367613646590104e-05,0.0,8.410269073102564e-08,0.0,6.58436663788009e-08,0.0,0.0,2.0557084660036184e-07,1.852848547122163e-07,3.4707877022800235e-09,0.0,0.0,6.4029174355449994e-09,5.933246849338383e-07,2.0067769027893867e-06,0.0,0.0,1.0994807194480295e-06,2.4849769681980517e-07,0.0,4.948256943091062e-08,4.7848122999999857e-08,0.0,0.0,0.0,0.0
2020-03-22,2.8476984253141687e-06,1.0549399855518122e-07,5.016494285817758e-07,1.914974326785596e-05,6.321458752479034e-06,3.36577668095204e-06,9.78946857249002e-07,5.380337974538412e-08,1.8938797382379106e-06,3.450620569244613e-07,0.00015954229911583885,9.273498630540726e-09,0.0,0.0,5.779205195798285e-07,6.775581886972453e-06,2.6993649743897746e-06,4.852909873638401e-06,3.825332384487275e-05,4.885314511806641e-07,1.481766858802436e-06,8.647311919372828e-06,1.8592424669026487e-08,6.977368903960006e-06,8.283419206285181e-07,2.6590131114110486e-05,0.0,2.4877065007850704e-08,4.4665189737726e-06,1.8936675378799786e-07,1.2583049067574673e-07,0.0,3.825077405168917e-06,0.0,6.867694702457608e-07,0.0,1.4320282782291073e-05,2.4812123415013756e-06,4.411953660455106e-07,0.0,3.8681799525842017e-07,1.3596681489674404e-07,4.078454476383651e-06,7.881526988056071e-07,0.0,6.678272019375893e-06,9.184243548505158e-08,1.8459677101297578e-08,3.6307020709951755e-06,3.6003286453840405e-08,5.064153691655104e-07,0.0,1.0896052989249055e-07,2.571716089287354e-06,7.408057332528484e-08,5.903765134948193e-06,2.6459371018415897e-07,1.787401145545394e-06,7.567699377346512e-06,1.0500153502564168e-05,3.568535890745991e-08,1.2296054898262836e-05,1.489771230729809e-07,0.0,1.3577065406033904e-06,4.2143816123720665e-06,2.7867882115636426e-07,6.674793895714087e-08,5.456836532167287e-07,0.0,2.065716163244788e-05,0.0,1.0463371546843625e-08,0.0,0.00027100350831715656,3.23395340616951e-07,8.051498523676195e-06,2.1240717753026874e-05,8.74596720879659e-06,1.3481699435622356e-07,6.26538386691222e-08,7.274955010146648e-07,3.0436069530356734e-05,9.118405840049072e-08,4.236821367137519e-05,4.021643580213067e-06,5.099764135908714e-06,0.0,1.29268444021593e-05,1.3252202356591105e-07,2.2666382581338313e-06,1.1507449934595106e-08,0.0,7.3353740343897e-07,2.5686394399790643e-08,0.0,3.427073529233399e-07,1.4623839388126861e-06,0.00013535255097134647,2.4291528858147864e-08,1.8893663443954743e-07,1.3763489492401827e-05,4.794911595211332e-07,1.9308575226709458e-05,3.3982454858556524e-06,1.1336847488044048e-05,7.664195096720731e-05,5.354365280153777e-07,3.0032617002729015e-07,1.6051364365971107e-05,1.1909531696120924e-06,3.9082195900085366e-07,1.667819917811502e-08,1.858002183152565e-06,2.4860880068939223e-06,3.166661388897685e-07,0.0,7.26690619773667e-06,2.8575913112537477e-06,8.893410957791011e-08,0.0,0.0001205863511323812,4.916337506774687e-06,0.00014856270286331104,1.6318841795660946e-08,0.0,4.281828696086425e-06,1.1080725299955233e-06,0.0,1.6249545751334678e-05,3.244306007744223e-08,1.580649061924298e-06,2.37735261626229e-07,2.4172902973472534e-06,5.539675153449002e-05,4.0556149177413146e-07,3.2136515919626573e-06,2.4213075060532686e-05,3.092734869998039e-07,0.0,0.0,5.8350597816462276e-08,0.0,2.21527426799176e-05,2.0116474386698987e-06,1.695980817872129e-06,4.419050517944759e-08,6.3653466049621844e-09,1.4586581491533096e-08,4.93803249307681e-06,0.0,2.7392213923137073e-05,9.465668626286854e-07,4.146737391786058e-07,4.377242105479716e-07,6.908791063827619e-06,1.659910498953825e-08,3.0805567436806535e-07,1.2280909029492365e-06,3.60317664303991e-07,1.6249774929332664e-06,1.543648702569518e-05,0.0,7.395333308442559e-06,1.8632963714019746e-06,2.442288934943009e-07,1.8580113961825738e-07,0.0,0.0,0.0,0.00024947673312332186,0.0,1.2971618535271203e-06,3.153706614458105e-07,2.1074346447687703e-06,7.381882498147148e-06,0.0,5.523079734117928e-06,0.0,3.5143782788133057e-06,1.3958369784026705e-05,9.518635193718219e-09,5.340488876362476e-07,2.0334943241106427e-06,0.0,5.862115216824746e-05,4.416902894060254e-07,3.41750966064194e-09,9.920789932977623e-07,1.1531626573104306e-05,7.914009240603846e-05,0.0,5.64689494908315e-07,0.0,1.0637867349325022e-06,1.126658497641453e-07,2.535145353826434e-07,4.830914895108503e-06,5.435022404891678e-07,1.6399471893273113e-06,0.0,3.3437885464629096e-09,1.21655431275355e-07,1.008651964387525e-06,8.332206455050581e-06,1.521960227140997e-08,0.0,1.0390485782361125e-05,5.342700481625811e-06,1.4305047774524705e-07,1.286546805203676e-07,6.280066143749982e-08,0.0,0.0,1.6465953011406276e-08,1.9787653545018483e-08
2020-03-29,6.654534521517446e-06,3.3190641167627986e-07,1.0957442598857638e-06,3.659137949036963e-05,2.5889166886453237e-05,1.135682787061196e-05,2.4133182619321342e-06,3.151340813658212e-07,6.030511798073346e-06,1.065632822854954e-06,0.00040813146285447144,9.273498630540726e-09,0.0,8.902050735754492e-06,1.66954816767506e-06,1.2776811558290913e-05,3.2392379692677294e-05,1.54961586188854e-05,8.504865204345494e-05,1.8535458000678137e-06,2.593092002904263e-06,1.5201064110897498e-05,2.124848533603027e-08,5.980601917680005e-06,2.7109371947842413e-07,7.903247342900476e-05,7.458520371270227e-07,4.975413001570141e-08,4.4665189737726006e-05,3.787335075759957e-07,7.67565993122055e-07,0.0,7.091435638796308e-06,0.0,1.893219512812544e-06,9.587084280057905e-06,1.2322103789413248e-05,3.416751421083862e-06,8.389944665783481e-07,0.0,4.5714853985086025e-07,4.079004446902322e-07,1.5743296863469596e-05,5.254351325370713e-07,0.0,1.1130453365626489e-05,9.184243548505158e-08,2.7689515651946366e-08,1.0464964792868447e-05,7.313488103016584e-08,1.145189300726552e-06,0.0,4.086019870968396e-07,5.086282932146099e-06,7.009161937700027e-07,1.5755018200364705e-05,1.1843718455862354e-06,4.468502863863485e-06,1.1411610172189186e-05,2.2425423869752922e-05,5.947559817909984e-08,2.156121850897792e-05,2.0856797230217328e-06,2.193966591872351e-05,8.159681882636216e-06,1.0895514366906354e-05,3.6431450057420536e-07,3.55989007771418e-07,7.639571145034202e-07,0.0,3.612299468710781e-05,8.360330233044205e-07,9.155450103488172e-09,0.0,0.00018557848939109635,4.850930109254265e-07,1.804467675563443e-05,4.9297232086241886e-05,8.74596720879659e-06,2.696339887124471e-07,1.253076773382444e-07,1.3784125282383122e-06,5.354736163015671e-05,5.758993162136255e-07,0.00019489378288832586,7.071168016864696e-06,2.0399056543634855e-05,1.1535829003124928e-05,3.44715850724248e-05,1.408046500387805e-07,8.61322538090856e-05,6.904469960757063e-08,1.5243713054479581e-07,5.501530525792275e-07,7.705918319937193e-08,0.0007142857142857143,1.2516268541548067e-06,4.05080351051114e-06,0.00019797835813719334,6.96005109457367e-08,3.7627211096011566e-07,2.584343579603632e-05,1.0853598339548133e-06,4.797710002978112e-05,5.097368228783479e-05,4.399661663445179e-05,9.194386480733356e-05,6.327886240181738e-07,7.304926015325441e-07,6.554307116104868e-05,2.166673838691879e-06,1.3522439781429538e-06,8.617069575359428e-08,4.95467248840684e-06,2.037211005649186e-06,1.5833306944488427e-06,1.2138242688746993e-07,1.3421530834595279e-05,3.7962161945122773e-06,0.0,2.139038851555174e-08,9.420808682217283e-05,1.4800224369352965e-05,0.00027291344624098753,1.3599034829717456e-07,0.0,5.151787542275412e-06,8.310543974966425e-07,6.739360403247383e-08,2.2453917765480647e-05,9.73291802323267e-08,9.935508389238445e-06,6.758473866231368e-07,6.083513914990589e-06,9.232791922415003e-05,9.012477594980699e-08,1.6068257959813286e-05,9.685230024213075e-05,1.0388417127429313e-06,3.874622373249405e-08,2.1278929352797506e-08,2.917529890823114e-07,2.0344317710251925e-08,5.0830263985993567e-05,5.532030456342222e-06,1.198882991944091e-05,4.419050517944759e-08,5.728811944465967e-08,5.46996805932491e-08,1.069907040166642e-05,0.0,5.158553338420024e-05,2.958021445714642e-06,5.129568007371715e-07,1.4069706767613373e-06,2.243646998945999e-05,0.0,7.598706634412279e-07,1.5764221408766566e-06,9.309322553578949e-07,4.145197215769581e-06,5.4048545931551974e-05,4.471057969904504e-06,5.5978564626405475e-06,7.959356547130483e-06,9.472521456175721e-07,4.993405627240667e-07,5.448299721864299e-06,1.570816738309e-06,0.0,0.0003086746020000423,0.0,3.4379028209493285e-06,6.667836841997135e-07,1.0434870571185174e-05,0.0,0.0,9.39936963925574e-06,6.8870049104345005e-06,3.0685243180683342e-06,2.1283058878614975e-05,1.9037270387436437e-08,2.341408780516326e-06,1.8979280358365996e-06,0.0,0.00014468628607446963,2.439185180301931e-07,1.0252528981925819e-08,7.440592449733217e-07,2.3862891485219494e-05,0.00011867659045627853,4.224971948509997e-08,7.809535567880952e-07,0.0,1.3292190150220434e-06,0.0,2.354063542838832e-07,2.5696355825045234e-06,2.0628380491293418e-06,1.1201967309108776e-05,2.2706011643642772e-05,9.696986784742439e-08,8.643938537985749e-07,4.672431893853977e-06,2.593555031431551e-05,1.7756202649978298e-08,2.9378811733897407e-05,4.275573990743135e-05,5.1356190676093075e-06,4.334862961977183e-07,4.1070532627655815e-07,1.390586074687496e-07,0.0,0.0,2.1405738914828162e-07,4.9469133862546214e-08
2020-04-05,9.793927991600306e-06,4.859253978272808e-07,1.8540724228822317e-06,4.3945418822450944e-05,4.9591845154110975e-05,8.311262501801233e-06,4.431669502055967e-06,6.302681627316424e-07,6.77809590527252e-06,2.6962201898901533e-06,0.00029311259605002953,2.7820495891622177e-08,0.0,1.186940098100599e-05,2.266732704574216e-06,1.6745366663517636e-05,4.858856953901595e-05,1.0734705232853848e-05,5.611241045206112e-05,4.870945939713093e-06,6.297509149910352e-06,1.957023223858061e-05,1.9477778224694415e-08,1.245958732850001e-05,4.518228657973735e-06,0.0001162786683762395,7.458520371270227e-07,1.2438532503925352e-07,3.34988923032945e-05,1.8936675378799786e-07,9.563117291356751e-07,0.0,1.6116899179082517e-05,2.5350338509407697e-07,4.347039328050129e-06,4.793542140028952e-06,4.99544748219456e-06,3.4981026453953825e-06,8.823907320910212e-07,3.8349613639147466e-08,9.670449881460504e-08,2.583369483038137e-06,3.275099171205624e-05,5.254351325370713e-07,0.0,6.010444817438304e-05,9.184243548505158e-08,2.7689515651946366e-08,1.717718710899398e-05,5.29279082911158e-08,2.296133321557258e-06,0.0,7.082434443011886e-07,4.00044725000255e-06,5.983430922426852e-07,1.638382158751895e-05,2.129349381958232e-06,2.681101718318091e-06,2.9670186447691883e-05,2.432109818967808e-05,1.6313306929124529e-07,4.622725248324866e-05,5.3631764306273135e-06,5.983545250560957e-06,1.1547226914636756e-05,1.3629845293981088e-05,6.51702034891706e-07,9.56720458385686e-07,3.2741019193003725e-07,0.0,4.08817125500801e-05,0.0,2.877427175381997e-08,0.0,7.658794800267468e-05,1.1318836921593284e-06,1.7190337683990335e-05,6.617464577072529e-05,3.0868119560458554e-06,9.437189604935651e-07,6.26538386691222e-08,2.7568250564766244e-06,6.747167394699357e-05,3.503387506966222e-07,0.00017794649741977579,8.149820765199989e-06,0.0,3.845276334374976e-06,3.274800581880356e-05,2.236309147674749e-07,0.00021986391103898166,1.1852673432632959e-06,1.2194970443583665e-06,2.93414961375588e-06,1.669615635986392e-07,0.00014285714285714284,2.354250511386422e-06,4.75274780114123e-06,0.00018343300937609342,2.5294874615332234e-07,5.000949900278417e-07,3.55133306468711e-05,1.3827186925725705e-06,6.443059629766312e-05,0.00015971753783521568,7.07387121984479e-05,7.602495737655801e-05,1.1195491040321534e-06,1.7816341966280597e-06,8.293204922418407e-05,1.2626973364561942e-06,1.8055974505839439e-06,2.44613587945687e-07,3.4063373357797026e-06,8.425076023362735e-06,1.357140595241865e-06,8.092161792497995e-08,1.512702922794164e-05,2.2526997198204725e-06,2.0751292234845694e-07,3.636366047643796e-07,6.02931755661906e-05,1.9306867083896428e-05,0.0002110906759038818,2.3390339907114025e-07,3.149526817059459e-08,5.269594469363504e-06,8.310543974966425e-07,2.396217032265736e-07,1.8908562328825807e-05,3.244306007744223e-08,1.0612929415777429e-05,1.1796197267358602e-06,2.0990137415298654e-05,8.494168568621802e-05,9.012477594980699e-08,2.6856945447116496e-05,2.4213075060532686e-05,2.224390079575513e-06,9.686555933123513e-09,3.457826019829595e-08,3.5010358689877367e-07,5.086079427562981e-09,5.69156356652823e-05,1.508735579002424e-06,1.157945523926488e-05,2.2095252589723794e-08,7.001881265458403e-07,8.241418542716198e-08,1.6597275879508166e-05,2.009171869584654e-05,4.475764100296686e-05,3.6975268071433024e-06,7.01444864000174e-07,1.8134288722701683e-06,3.07817423635884e-05,0.0,9.241670231041962e-07,4.800718984256107e-06,2.70439168858646e-06,7.481667207046914e-06,7.438969535154995e-05,1.5738124054063853e-05,3.774701376184223e-05,1.5852690781888454e-05,3.4281035374281026e-06,4.877279914979257e-07,2.1793198887457196e-05,7.854083691545e-06,7.777360104735116e-06,0.0001479946721918011,0.0,4.137352840008069e-06,8.019425391050609e-07,1.9744411963124888e-05,4.429129498888288e-06,7.469504161989045e-08,9.779398061328075e-06,6.887004910434502e-05,4.615899828889118e-06,1.9762840387285333e-05,3.8074540774872875e-08,9.840345244408634e-07,1.8093949496168166e-06,0.0,0.00016048125149986818,2.90065264684554e-07,1.70875483032097e-08,4.960394966488811e-07,4.203011339783516e-05,0.00011824046447014945,9.294938286721992e-08,4.805868041772894e-07,0.0,1.901235866687876e-06,0.0,2.354063542838832e-07,2.980777275705247e-06,3.310422737524931e-06,2.8689531147046677e-05,0.0,6.018819383633239e-08,2.5131450934514124e-06,1.5381942456909756e-05,5.331494867860369e-05,2.0292803028546627e-08,2.4037209600461516e-05,8.190301727891413e-05,5.425533047232413e-06,5.765367739429654e-07,1.2370642357727655e-07,7.924845371874977e-08,0.0,0.0,9.056274156273453e-08,1.9787653545018483e-08
2020-04-12,1.0609470392267504e-05,5.88379547971587e-07,2.3091463050543433e-06,4.11781498304044e-05,5.78722090902623e-05,2.981523106382463e-06,8.162430327900398e-06,1.095283087673891e-06,4.983894047994501e-06,1.941819810535694e-06,0.0002894023100240797,4.173074383743327e-08,0.0,8.902050735754492e-06,2.2025193135097903e-06,9.534211655239808e-06,3.779110964145685e-05,3.4410503462076764e-06,3.295695819644798e-05,7.715923214235782e-06,6.667950864610962e-06,3.204056626967616e-05,3.647656649351863e-07,8.472519383380006e-06,2.7591316338026277e-05,0.00011990573235699776,3.3563341670716026e-06,2.363321175745817e-07,2.9032373329521905e-05,0.0,1.799376016663178e-06,0.0,1.3581173708240201e-05,5.703826164616733e-07,7.126170997614652e-06,0.0,3.3302983214630396e-07,3.213373360305061e-06,1.316353387217753e-06,2.5566409092764977e-08,7.033054459244003e-08,1.5013002478182155e-06,3.6309038481150863e-05,2.627175662685357e-07,0.0,4.006963211625536e-05,6.122829032336772e-08,2.7689515651946366e-08,2.1097735143640032e-05,5.3543349085198545e-08,3.7492001478560236e-06,0.0,4.086019870968396e-07,4.057596496431158e-06,1.6411696244370796e-06,1.425287677549623e-05,4.183100561006704e-06,2.681101718318091e-06,2.2823220344378372e-05,1.922563317370904e-05,1.3594422440937108e-07,4.728683236426129e-05,2.02608887379254e-05,3.989030167040638e-06,1.5875756677748555e-05,3.170820451213269e-05,1.3846853926206848e-06,1.2459615271999632e-06,2.1827346128669147e-07,0.0,3.093166610931986e-05,5.225206395652629e-07,4.0545564744019055e-08,0.0,8.83707092338554e-06,6.46790681233902e-07,2.6484511220967034e-05,5.370958600501825e-05,5.659155252750735e-06,1.8874379209871301e-06,3.1326919334561097e-07,3.254585136118237e-06,4.95524983043192e-05,9.310372278786947e-07,0.0001313414623812631,5.433213843466659e-06,2.549882067954357e-06,2.563517556249984e-06,3.44715850724248e-05,7.620016355039886e-07,0.0001654645928437697,1.5995355409087199e-06,1.5243713054479582e-06,3.851071368054593e-06,1.5411836639874387e-07,0.00014285714285714284,1.862539961539891e-06,9.900339265761884e-06,0.0001098981906394216,5.261756381360551e-07,9.340087860712092e-07,2.4949271778765703e-05,1.6354737223976638e-06,0.0001272717671955666,0.00016991227429278264,4.3819729652368834e-05,6.533749368565568e-05,6.814646720195717e-07,3.925692079642436e-06,0.00010032102728731942,8.322323353915827e-07,3.2829044556071707e-06,1.8068049109624609e-07,1.168993040233489e-05,2.330707506463052e-05,5.270229311522576e-06,1.618432358499599e-07,8.972404591083031e-06,2.0649747431687663e-06,1.1264987213201948e-06,1.497327196088622e-07,1.1304970418660738e-05,1.4441741426150644e-05,0.00012717155419153682,1.6862803188849645e-07,6.299053634118918e-08,4.7439943331243244e-06,0.0,4.792434064531472e-07,4.6385066962900804e-05,3.244306007744223e-08,1.388713104404919e-05,2.6365972587023206e-06,3.2552842670943016e-05,9.602103599311603e-05,9.012477594980699e-08,1.4231885621548912e-05,7.263922518159805e-05,2.482117985408683e-06,4.8432779665617575e-08,2.6598661690996885e-08,1.1670119563292455e-07,1.525823828268894e-08,6.455136770428084e-05,0.0,5.175665599368393e-06,4.419050517944759e-08,2.3615435904409705e-06,7.876754005427871e-08,1.8997708341420503e-05,7.534394510942452e-06,2.1773987514956848e-05,7.957077688972387e-06,1.742168241873753e-06,3.5330596994229135e-06,4.901137423002464e-05,1.659910498953825e-08,6.161113487361307e-07,2.2784435588534566e-05,1.786854141938751e-06,1.0265193468090007e-05,7.590416617585308e-05,1.5022754778879133e-05,7.205314327600632e-05,1.7437226278828715e-05,8.753677708927313e-06,2.0902628207053958e-07,5.448299721864299e-06,7.854083691545e-07,6.481133420612597e-06,0.00041015666293156306,2.707832948369749e-06,7.859274759605493e-06,5.316248292943663e-07,3.5928691613727774e-05,0.0,1.1204256242983568e-07,2.8122103233352757e-05,9.297456629086577e-05,6.740262818321042e-06,1.4580277348661559e-05,1.3326089271205507e-07,1.0952947093650817e-06,7.608312097012608e-07,5.2062020443714186e-08,0.0001134815982828286,2.636956951677764e-07,3.0757586945777464e-08,0.0,5.201857826407635e-05,7.747945884347004e-05,7.604949507317994e-08,1.3216137114875456e-07,0.0,7.860087673969357e-07,1.126658497641453e-07,6.337863384566085e-07,9.250688097016284e-07,2.3469414930214066e-06,4.899537459923595e-05,1.8164809314914216e-05,1.671894273231455e-08,4.530064085648087e-06,3.309268430218483e-05,7.968666142468178e-05,2.790260416425161e-08,1.4689405866948703e-05,9.506447392927256e-05,2.609225816607954e-06,2.2974773698479066e-06,1.5339596523582293e-07,3.140033071874991e-08,0.0,5.012762267157882e-09,8.232976505703138e-09,4.9469133862546214e-08
2020-04-19,1.0288742113741016e-05,8.321303557324914e-07,2.624269010239289e-06,3.695322775965538e-05,5.5153120633108664e-05,1.2879610555017322e-06,1.0008377964728598e-05,1.356613789294328e-06,5.7314781551936755e-06,2.4019025531016423e-06,0.00015212172706393934,2.3183746576351816e-08,0.0,2.9673502452514976e-06,2.218572661275897e-06,1.568063236699339e-05,5.398729948779549e-06,1.6976610512021261e-06,1.3806075089643814e-05,4.526100209467918e-06,4.445300576407308e-06,6.672083828316086e-05,1.4714576095200963e-06,3.488684451980003e-06,3.8450125879356485e-05,0.00011462772890913574,1.8646300928175568e-06,2.4877065007850704e-08,8.039734152790682e-05,0.0,2.768270794866428e-06,0.0,1.3151389730131334e-05,1.2675169254703848e-07,1.0824632603516103e-05,0.0,3.3302983214630396e-07,4.413303918899988e-06,5.858495844210879e-07,1.2783204546382489e-08,0.0,1.1103956549900764e-06,3.8702913934680394e-05,1.3135878313426785e-05,0.0,1.780872538500238e-05,3.061414516168386e-08,2.0305644811427337e-07,2.1379953581931676e-05,7.241686677040264e-08,2.6241523674940086e-06,0.0,2.260930995269179e-06,2.2288206107157066e-06,1.527199511628949e-06,1.0410189409553619e-05,4.611490377495342e-06,0.0,1.741772078913086e-05,1.0110263039600838e-05,1.5803516087589387e-07,3.070317515678456e-05,8.11925320747746e-05,0.0,2.118559908901924e-05,1.4758697511580748e-05,1.5864372475203445e-06,1.6019505349713812e-06,6.65734056924409e-06,0.0,2.2495757170414445e-05,5.225206395652629e-07,4.708517196079632e-08,0.0,0.0,1.616976703084755e-07,2.0089912715024846e-05,3.845294998040437e-05,2.0578746373639036e-06,4.044509830686707e-06,0.0,5.590228586744266e-06,3.345073568827638e-05,2.0444425725583706e-06,1.6947285468550073e-05,1.677904275188233e-06,0.0,0.0,2.5853688804318598e-06,8.613931531784219e-07,6.799914774401494e-05,2.6121911351530892e-06,9.146227832687749e-07,3.3009183154753656e-06,1.4127516919884856e-07,0.0,1.177125255693211e-06,7.399662730392192e-06,2.868666005661373e-05,7.769064620892857e-07,1.284128651021331e-06,1.8929382389055117e-05,6.09585660166402e-07,0.00017159907556664046,0.00012063771474787566,4.0555360801201545e-05,5.591711261769599e-05,5.06230899214539e-06,4.079242301912027e-06,6.286784376672017e-05,4.5916266780225246e-07,6.049923925333215e-06,1.973586902743611e-07,1.7573603982318013e-05,2.0648342057257853e-05,4.003564755963502e-06,2.0230404481244988e-08,6.08047253280007e-06,1.1054915291711577e-06,9.782752053570114e-07,5.133693243732418e-07,7.536646945773825e-06,1.2546903012081234e-05,6.276304060839248e-05,8.159420897830473e-08,3.936908521324324e-08,3.5115526343565914e-06,4.432290119982093e-06,8.311877830671773e-07,1.654499203772258e-05,0.0,6.774210265389849e-07,3.7109342267179936e-06,3.186794375336129e-05,7.386233537932002e-06,6.759358196235524e-07,1.0100047860454066e-05,4.842615012106537e-05,4.520150963843289e-06,7.264916949842636e-08,2.0214982885157633e-07,0.0,1.1189374740638558e-07,5.949404246672481e-05,0.0,1.432811380616109e-06,4.419050517944759e-08,9.420712975344034e-07,1.6336971270517065e-07,2.8119351696687387e-05,7.534394510942452e-06,1.7849293469051047e-05,1.875385596583083e-05,1.9892222390791885e-06,1.4069706767613373e-06,3.553581146196483e-05,8.299552494769124e-08,1.3965190571352295e-06,3.381492478956953e-05,2.2221821750197807e-06,8.97499143087679e-06,5.138085420433913e-05,1.4754491300684864e-05,0.00011709277738367385,1.7811352715606277e-05,2.2948616959956398e-05,2.7870170942738607e-07,5.448299721864299e-06,0.0,0.0,0.0004186135013425231,0.0,1.797798503532195e-05,6.487625035456674e-07,5.348382680995695e-05,1.4763764996294295e-06,3.7347520809945227e-07,9.356299751420875e-05,4.820903437304151e-05,9.467839989937337e-06,8.914008426432894e-06,1.0851244120838768e-06,2.4872832451947456e-06,4.1223218271086494e-07,0.0,8.171433332543585e-05,3.625815808556925e-07,1.6062295405017118e-07,0.0,5.1499514780858765e-05,4.196873912672917e-05,1.0984927066125991e-07,7.809535567880952e-08,0.0,3.744858525294301e-07,1.8026535962263248e-06,1.4486544879008195e-07,2.0557084660036184e-07,2.2357705801940767e-06,5.234294933808504e-05,9.082404657457108e-06,6.687577092925819e-09,9.405885712815604e-06,3.8061778538505725e-05,7.56859991195492e-05,2.942456439139261e-07,2.6708010667179457e-06,8.957187346464318e-05,2.650642099411255e-06,3.030069210422051e-06,2.573093610407352e-07,8.971523062499973e-09,0.0,0.0,1.3996060059695335e-07,1.0883209449760167e-07
2020-04-26,1.0484801610805568e-05,1.0424428309737706e-06,2.856761820416456e-06,3.4428168090138335e-05,5.619300568563456e-05,5.301276167672876e-07,1.3678349080740466e-05,2.132919697049156e-06,8.17358623871098e-06,2.439115127868006e-06,5.379914737627124e-05,4.636749315270363e-09,0.0,1.4836751226257488e-06,3.0148187104747715e-06,2.2020641132660473e-05,5.398729948779549e-06,6.6877556562508e-07,7.621599347733194e-06,3.5059315908259425e-06,7.4088342940121805e-06,7.427585817061292e-05,2.5267990478762663e-06,1.9935339725600015e-06,7.245732691170547e-05,0.00010183294803908164,0.0,2.612091825824324e-07,2.9032373329521905e-05,3.787335075759957e-07,4.353734977380837e-06,0.0,9.92800989431483e-06,4.436309239146348e-07,1.4942521442983732e-05,1.4380626420086858e-05,3.3302983214630396e-07,7.504650442737768e-06,4.6289349880184715e-07,1.1504884091744242e-07,0.0,2.843972544923563e-06,4.6258462870135934e-05,8.406962120593142e-06,0.0,2.003481605812768e-05,2.1429901613178703e-07,6.460886985454153e-08,2.385889932368258e-05,1.087278736212844e-08,4.376464639208758e-06,0.0,1.5526875509679902e-06,1.0858356821435493e-06,1.766536748526023e-06,6.427767957576731e-06,4.422494870220943e-06,1.787401145545394e-06,5.885988404602843e-06,9.384260108565671e-06,1.954198225884709e-07,2.9643595275771927e-05,4.1117685968142735e-05,0.0,2.1387238674257367e-05,1.8069997349873088e-05,1.8680189730637543e-06,2.402925802457072e-06,1.4733458636851675e-05,0.0,1.330277948058162e-05,2.1945866861741037e-06,2.2234664537042704e-08,0.0,8.83707092338554e-06,1.616976703084755e-07,2.055591584501254e-05,2.6216078648389492e-05,1.0289373186819518e-06,4.51636931093349e-06,6.26538386691222e-08,2.6036681088945897e-06,2.4596230515872395e-05,2.1356266309588614e-06,1.2710464101412556e-05,3.98169347842287e-06,0.0,5.127035112499968e-06,4.3089481340531e-06,1.7890473181397992e-06,1.3599829548802988e-05,5.9723665160548605e-06,1.5243713054479581e-07,2.0172278594571677e-06,3.5960952159706906e-07,0.00014285714285714284,2.3095495523094646e-06,8.540322202666087e-06,1.2121123967583265e-05,1.1389558574185504e-06,1.25904384362399e-06,1.4774663254119967e-05,1.0444729908948719e-06,0.00011193675546825621,1.869035017220609e-05,3.2691930415877375e-05,4.5922289241200745e-05,6.425238336184533e-06,3.1850380663420508e-06,4.6816479400749066e-05,4.448138344334321e-07,7.80080630165704e-06,2.251556889045528e-07,1.710910343652987e-05,3.936306010915377e-05,2.895233269849312e-06,0.0,6.821993573385445e-06,6.674665836505103e-07,1.1561434245128314e-06,2.566846621866209e-07,3.7683234728869125e-06,6.555116675699583e-06,4.0901756800974875e-05,3.807729752320887e-08,1.2598107268237836e-07,1.9800625822113943e-06,2.8255849514885845e-05,1.1531794467778856e-06,6.499818300533871e-06,0.0,6.774210265389849e-07,7.183001119135348e-06,3.839462755619887e-05,0.0,3.1543671582432444e-07,2.9841050496796105e-06,0.0,4.805634182612339e-06,1.695147288296615e-07,1.0373478059488784e-07,0.0,9.154942969613367e-08,4.643619451729733e-05,0.0,6.72544117432051e-07,6.628575776917138e-08,2.8644059722329833e-07,4.6677060772905907e-07,1.351100557133516e-05,0.0,1.2983748110770565e-05,2.1445655481431153e-05,3.1841019258357228e-06,9.067144361350842e-07,4.326544898882148e-05,1.659910498953825e-08,5.339631689046466e-07,4.872618124392408e-05,1.6167413413193944e-06,9.52041211716226e-06,5.150590225405223e-05,8.450299563119513e-06,0.00022340069369253563,1.626349628109519e-05,3.737097582840933e-05,4.528902778195024e-07,2.7241498609321495e-06,0.0,2.5924533682450386e-06,0.00024524831391784186,2.707832948369749e-06,3.401870547240241e-05,2.3787958463341134e-06,3.6522046999148104e-05,0.0,9.710355410585759e-07,0.0001697713637537809,3.099152209695526e-05,7.4483838147983485e-06,4.9061596765638414e-06,2.427251974398146e-06,3.2809392309875024e-06,1.8536614927267082e-07,1.3015505110928546e-08,5.826342647045968e-05,1.3712176148724372e-06,5.023739201143652e-07,0.0,6.109517484898934e-05,2.497659974408463e-05,3.379977558807997e-08,1.8622738661869964e-07,0.0,3.888891545497928e-07,6.759950985848718e-07,2.1729817318512293e-07,1.0278542330018092e-07,9.017196262661194e-07,4.4155361148406455e-05,0.0,6.68757709292582e-08,1.014222121790328e-05,5.2079074220067653e-05,7.339560920694375e-05,3.8556325754238593e-07,2.6708010667179457e-06,8.906186811106285e-05,3.2718863414607684e-06,1.6038992959315576e-06,4.7503266653674193e-07,2.990507687499991e-09,0.0,0.0,2.2229036565398476e-07,5.936296063505545e-08
2020-05-03,1.0527026607229065e-05,1.403058922086092e-06,2.69358702386965e-06,2.9334260530162836e-05,5.423558959750288e-05,3.664640572283934e-07,2.691622190334989e-05,3.866157144561173e-06,3.837598416955765e-06,3.5148968347501495e-06,2.5972002181648184e-05,4.636749315270363e-08,0.0,1.4836751226257488e-06,2.8928132674523635e-06,2.550522610310345e-05,0.0,4.572824380342427e-07,6.846521447963716e-06,3.980094469913058e-06,1.8522085735030451e-06,6.326191351541174e-05,3.3572606830927825e-06,9.967669862800007e-07,9.39490345614672e-05,5.242983519771926e-05,0.0,3.9803304012561127e-07,3.34988923032945e-05,0.0,7.600161636815103e-06,0.0,1.5214352825053896e-05,6.337584627351924e-08,2.5949928840964444e-05,0.0,0.0,7.057218709024405e-06,1.6635235113191382e-07,5.1132818185529954e-08,0.0,3.1668937303033306e-06,4.384145818517133e-05,1.6288489108649216e-05,0.0,8.90436269250119e-06,1.6225496935692446e-06,7.106975683999568e-07,4.2538708928445575e-05,5.333820215383763e-09,6.166182591600506e-06,1.7163686993392322e-07,7.899638417205566e-07,1.1429849285721573e-06,1.4303249157420379e-06,2.5152135486169823e-06,3.452317932879027e-06,0.0,6.486599466297011e-06,5.418132985318002e-06,3.9423825078717617e-07,2.3705019663584865e-05,1.5493620799590017e-05,0.0,2.220723965422575e-05,0.00013613957744251906,2.7200214106615973e-06,3.2928983218856166e-06,1.1022809794977921e-05,0.0,6.921771437050598e-06,7.106280698087574e-06,1.4387135876909985e-08,0.0,0.0,0.0,1.8225900195074088e-05,1.4640313993426654e-05,5.144686593409759e-07,1.0717951051319775e-05,4.3857687068385536e-07,4.8244438488340926e-06,1.4334306914313924e-05,4.271253261917723e-06,3.3894570937100146e-05,1.5181038680274487e-06,0.0,3.845276334374976e-06,6.03252738767434e-06,1.78076469166693e-06,1.586646780693682e-05,6.7893954614111135e-06,1.5624805880841573e-05,1.46707480687794e-06,1.669615635986392e-07,0.0002857142857142857,5.706822442158226e-06,7.282672015287176e-06,3.232299724688871e-06,1.424117283144634e-06,1.1933963689458421e-06,1.2434468365169522e-05,1.6949454941212152e-06,7.696939667354456e-05,2.0389472915133914e-05,1.4263523009780242e-05,3.304107056132311e-05,7.69081558422088e-06,1.870828811034661e-06,1.4713750668806849e-05,2.2958133390112623e-07,9.575137995520915e-06,2.5573238739776366e-07,7.122341702084833e-06,5.963158316535838e-05,2.5559481210388457e-06,0.0,4.9681909719220094e-06,6.04891591433275e-07,1.0079199085496479e-06,4.278077703110348e-08,0.0,-1.02423698057806e-06,2.374182434999116e-05,5.98357532507568e-08,3.936908521324324e-08,1.9664694752396913e-06,0.00010582092661457248,1.3029430112944942e-06,5.613479441370162e-06,3.244306007744223e-08,3.3871051326949243e-07,9.335071273189925e-06,3.0135552373595762e-05,3.693116768966001e-06,4.5062387974903494e-08,4.590930845660939e-07,0.0,3.298917194664576e-06,4.358950169905582e-08,1.3299330845498443e-08,0.0,5.086079427562981e-08,2.5253463399337203e-05,0.0,4.386157287600333e-07,4.419050517944759e-08,3.309980234580336e-07,8.795708639394456e-07,9.533146063023286e-06,0.0,7.849388091811604e-06,1.709736395623063e-05,4.294835155778417e-06,5.471552631849645e-06,5.308140460921022e-05,0.0,2.9162603840176854e-06,7.682490110340261e-05,2.1886954032443168e-06,7.906719190152143e-06,2.498182148712865e-05,2.011976086457027e-05,0.0002831796379357796,1.5383198782795042e-05,4.891103824125138e-05,8.361051282821583e-07,0.0,1.570816738309e-06,2.5924533682450386e-06,0.0002833040867671621,6.769582370924373e-06,3.883007378532164e-05,4.514305753838602e-06,3.238901983173751e-05,0.0,1.3631845095630007e-06,0.0001230025326107456,1.0330507365651751e-05,8.917079214899431e-07,3.524142866264168e-06,2.67473648943482e-06,4.883085893896246e-06,1.798328313839344e-07,5.206202044371419e-07,2.7358372169273364e-05,1.6019513481442417e-06,1.2952361613832954e-06,0.0,5.4782240593640285e-05,1.5482472507582345e-05,1.6899887794039985e-08,1.802200515664835e-08,5.023085867188447e-07,9.053504127085124e-08,0.0,4.889208896665266e-07,1.0278542330018092e-07,8.646626553236761e-07,2.8811008716626476e-05,4.541202328728554e-06,4.346925110401783e-08,8.944875657456365e-06,5.61581814289878e-05,7.280045160301156e-05,4.565880681422991e-07,1.4689405866948703e-05,8.471677969198923e-05,2.3193118369848483e-06,1.135734096038022e-06,1.0886165274800335e-07,0.0,0.0,4.511486040442094e-08,2.881541776996099e-07,2.9681480317527724e-08
