Date,Global,Africa,Asia,Europe,North America,Oceania,South America,Afghanistan,Albania,Algeria,Andorra,Angola,Anguilla,Antigua and Barbuda,Argentina,Armenia,Aruba,Australia,Austria,Azerbaijan,Bahamas,Bahrain,Bangladesh,Barbados,Belarus,Belgium,Belize,Benin,Bermuda,Bhutan,Bolivia,"Bonaire, Saint Eustatius and Saba",Bosnia and Herzegovina,Botswana,Brazil,British Virgin Islands,Brunei Darussalam,Bulgaria,Burkina Faso,Burundi,Cambodia,Cameroon,Canada,Cape Verde,Cases on an international conveyance Japan,Cayman Islands,Central African Republic,Chad,Chile,China,Colombia,Congo,Costa Rica,Cote dIvoire,Croatia,Cuba,CuraÃ§ao,Cyprus,Czechia,Democratic Republic of the Congo,Denmark,Djibouti,Dominica,Dominican Republic,Ecuador,Egypt,El Salvador,Equatorial Guinea,Eritrea,Estonia,Eswatini,Ethiopia,Falkland Islands (Malvinas),Faroe Islands,Fiji,Finland,France,French Polynesia,Gabon,Gambia,Georgia,Germany,Ghana,Gibraltar,Greece,Greenland,Grenada,Guam,Guatemala,Guernsey,Guinea,Guinea Bissau,Guyana,Haiti,Holy See,Honduras,Hungary,Iceland,India,Indonesia,Iran,Iraq,Ireland,Isle of Man,Israel,Italy,Jamaica,Japan,Jersey,Jordan,Kazakhstan,Kenya,Kosovo,Kuwait,Kyrgyzstan,Laos,Latvia,Lebanon,Liberia,Libya,Liechtenstein,Lithuania,Luxembourg,Madagascar,Malawi,Malaysia,Maldives,Mali,Malta,Mauritania,Mauritius,Mexico,Moldova,Monaco,Mongolia,Montenegro,Montserrat,Morocco,Mozambique,Myanmar,Namibia,Nepal,Netherlands,New Caledonia,New Zealand,Nicaragua,Niger,Nigeria,North Macedonia,Northern Mariana Islands,Norway,Oman,Pakistan,Palestine,Panama,Papua New Guinea,Paraguay,Peru,Philippines,Poland,Portugal,Puerto Rico,Qatar,Romania,Russia,Rwanda,Saint Kitts and Nevis,Saint Lucia,Saint Vincent and the Grenadines,San Marino,Sao Tome and Principe,Saudi Arabia,Senegal,Serbia,Seychelles,Sierra Leone,Singapore,Sint Maarten,Slovakia,Slovenia,Somalia,South Africa,South Korea,South Sudan,Spain,Sri Lanka,Sudan,Suriname,Sweden,Switzerland,Syria,Taiwan,Thailand,Timor Leste,Togo,Trinidad and Tobago,Tunisia,Turkey,Turks and Caicos islands,Uganda,Ukraine,United Arab Emirates,United Kingdom,United Republic of Tanzania,United States Virgin Islands,United States of America,Uruguay,Uzbekistan,Venezuela,Vietnam,Yemen,Zambia,Zimbabwe
<<<<<<< HEAD
2020-01-13,1.8978180549524885e-11,0.0,3.214250521215688e-11,0.0,0.0,0.0,0.0,0.0,0.0,0.0,0.0,0.0,0.0,0.0,0.0,0.0,0.0,0.0,0.0,0.0,0.0,0.0,0.0,0.0,0.0,0.0,0.0,0.0,0.0,0.0,0.0,0.0,0.0,0.0,0.0,0.0,0.0,0.0,0.0,0.0,0.0,0.0,0.0,0.0,0.0,0.0,0.0,0.0,0.0,0.0,0.0,0.0,0.0,0.0,0.0,0.0,0.0,0.0,0.0,0.0,0.0,0.0,0.0,0.0,0.0,0.0,0.0,0.0,0.0,0.0,0.0,0.0,0.0,0.0,0.0,0.0,0.0,0.0,0.0,0.0,0.0,0.0,0.0,0.0,0.0,0.0,0.0,0.0,0.0,0.0,0.0,0.0,0.0,0.0,0.0,0.0,0.0,0.0,0.0,0.0,0.0,0.0,0.0,0.0,0.0,0.0,0.0,0.0,0.0,0.0,0.0,0.0,0.0,0.0,0.0,0.0,0.0,0.0,0.0,0.0,0.0,0.0,0.0,0.0,0.0,0.0,0.0,0.0,0.0,0.0,0.0,0.0,0.0,0.0,0.0,0.0,0.0,0.0,0.0,0.0,0.0,0.0,0.0,0.0,0.0,0.0,0.0,0.0,0.0,0.0,0.0,0.0,0.0,0.0,0.0,0.0,0.0,0.0,0.0,0.0,0.0,0.0,0.0,0.0,0.0,0.0,0.0,0.0,0.0,0.0,0.0,0.0,0.0,0.0,0.0,0.0,0.0,0.0,0.0,0.0,0.0,0.0,0.0,0.0,0.0,0.0,0.0,0.0,0.0,0.0,0.0,0.0,2.057614574337528e-09,0.0,0.0,0.0,0.0,0.0,0.0,0.0,0.0,0.0,0.0,0.0,0.0,0.0,0.0,0.0,0.0,0.0,0.0,0.0,0.0
2020-01-20,3.397094318364955e-09,0.0,5.753508432976083e-09,0.0,0.0,0.0,0.0,0.0,0.0,0.0,0.0,0.0,0.0,0.0,0.0,0.0,0.0,0.0,0.0,0.0,0.0,0.0,0.0,0.0,0.0,0.0,0.0,0.0,0.0,0.0,0.0,0.0,0.0,0.0,0.0,0.0,0.0,0.0,0.0,0.0,0.0,0.0,0.0,0.0,0.0,0.0,0.0,0.0,0.0,1.805292995976043e-08,0.0,0.0,0.0,0.0,0.0,0.0,0.0,0.0,0.0,0.0,0.0,0.0,0.0,0.0,0.0,0.0,0.0,0.0,0.0,0.0,0.0,0.0,0.0,0.0,0.0,0.0,0.0,0.0,0.0,0.0,0.0,0.0,0.0,0.0,0.0,0.0,0.0,0.0,0.0,0.0,0.0,0.0,0.0,0.0,0.0,0.0,0.0,0.0,0.0,0.0,0.0,0.0,0.0,0.0,0.0,0.0,0.0,1.1290457519822937e-09,0.0,0.0,0.0,0.0,0.0,0.0,0.0,0.0,0.0,0.0,0.0,0.0,0.0,0.0,0.0,0.0,0.0,0.0,0.0,0.0,0.0,0.0,0.0,0.0,0.0,0.0,0.0,0.0,0.0,0.0,0.0,0.0,0.0,0.0,0.0,0.0,0.0,0.0,0.0,0.0,0.0,0.0,0.0,0.0,0.0,0.0,0.0,0.0,0.0,0.0,0.0,0.0,0.0,0.0,0.0,0.0,0.0,0.0,0.0,0.0,0.0,0.0,0.0,0.0,0.0,0.0,0.0,0.0,0.0,0.0,0.0,0.0,0.0,0.0,2.766658944368221e-09,0.0,0.0,0.0,0.0,0.0,0.0,0.0,0.0,0.0,2.057614574337528e-09,0.0,0.0,0.0,0.0,0.0,0.0,0.0,0.0,0.0,0.0,0.0,0.0,0.0,0.0,0.0,0.0,0.0,0.0,0.0,0.0
2020-01-27,4.898268399832373e-08,0.0,8.254195338481887e-08,5.572366586842181e-10,1.489095540609878e-09,1.4231613872947317e-08,0.0,0.0,0.0,0.0,0.0,0.0,0.0,0.0,0.0,0.0,0.0,2.2864121901712134e-08,0.0,0.0,0.0,0.0,0.0,0.0,0.0,0.0,0.0,0.0,0.0,0.0,0.0,0.0,0.0,0.0,0.0,0.0,0.0,0.0,0.0,0.0,0.0,0.0,3.854871905844661e-09,0.0,0.0,0.0,0.0,0.0,0.0,2.605366028283607e-07,0.0,0.0,0.0,0.0,0.0,0.0,0.0,0.0,0.0,0.0,0.0,0.0,0.0,0.0,0.0,0.0,0.0,0.0,0.0,0.0,0.0,0.0,0.0,0.0,0.0,0.0,6.397806552116528e-09,0.0,0.0,0.0,0.0,0.0,0.0,0.0,0.0,0.0,0.0,0.0,0.0,0.0,0.0,0.0,0.0,0.0,0.0,0.0,0.0,0.0,0.0,0.0,0.0,0.0,0.0,0.0,0.0,0.0,0.0,2.2580915039645874e-09,0.0,0.0,0.0,0.0,0.0,0.0,0.0,0.0,0.0,0.0,0.0,0.0,0.0,0.0,0.0,0.0,0.0,1.8124142628937246e-08,0.0,0.0,0.0,0.0,0.0,0.0,0.0,0.0,0.0,0.0,0.0,0.0,0.0,0.0,0.0,5.086079427562981e-09,0.0,0.0,0.0,0.0,0.0,0.0,0.0,0.0,0.0,0.0,0.0,0.0,0.0,0.0,0.0,0.0,0.0,0.0,0.0,0.0,0.0,0.0,0.0,0.0,0.0,0.0,0.0,0.0,0.0,0.0,0.0,0.0,0.0,0.0,1.0134091255262252e-07,0.0,0.0,0.0,0.0,0.0,8.299976833104662e-09,0.0,0.0,0.0,0.0,0.0,0.0,0.0,0.0,3.0036675261080587e-08,1.2345687446025168e-08,0.0,0.0,0.0,0.0,0.0,0.0,0.0,0.0,1.4833117123345956e-08,0.0,0.0,0.0,2.183242095806254e-09,0.0,0.0,0.0,2.990507687499991e-09,0.0,0.0,0.0
2020-02-03,2.761704833566861e-07,0.0,4.665163206492451e-07,4.086402163684266e-09,2.2336433109148173e-09,2.4905324277657805e-08,0.0,0.0,0.0,0.0,0.0,0.0,0.0,0.0,0.0,0.0,0.0,4.001221332799624e-08,0.0,0.0,0.0,0.0,0.0,0.0,0.0,0.0,0.0,0.0,0.0,0.0,0.0,0.0,0.0,0.0,0.0,0.0,0.0,0.0,0.0,0.0,8.791318074055003e-09,0.0,1.1564615717533984e-08,0.0,0.0,0.0,0.0,0.0,0.0,1.480750550563077e-06,0.0,0.0,0.0,0.0,0.0,0.0,0.0,0.0,0.0,0.0,0.0,0.0,0.0,0.0,0.0,0.0,0.0,0.0,0.0,0.0,0.0,0.0,0.0,0.0,0.0,2.5889062777093875e-08,6.397806552116528e-09,0.0,0.0,0.0,0.0,1.5503997383586748e-08,0.0,0.0,0.0,0.0,0.0,0.0,0.0,0.0,0.0,0.0,0.0,0.0,0.0,0.0,0.0,0.0,2.112306857230249e-10,0.0,0.0,0.0,0.0,0.0,0.0,7.091880352290858e-09,0.0,1.9193777783698995e-08,0.0,0.0,0.0,0.0,0.0,0.0,0.0,0.0,0.0,0.0,0.0,0.0,0.0,0.0,0.0,0.0,0.0,1.8124142628937246e-08,0.0,0.0,0.0,0.0,0.0,0.0,0.0,0.0,0.0,0.0,0.0,0.0,0.0,0.0,0.0,0.0,0.0,0.0,0.0,0.0,0.0,0.0,0.0,0.0,0.0,0.0,0.0,0.0,0.0,0.0,0.0,0.0,2.6789417420371074e-09,0.0,0.0,0.0,0.0,0.0,1.977561890642113e-09,0.0,0.0,0.0,0.0,0.0,0.0,0.0,0.0,0.0,0.0,0.0,3.5469319393417887e-07,0.0,0.0,0.0,0.0,0.0,3.0433248388050435e-08,0.0,3.0574845964766836e-09,6.592392379194409e-09,0.0,0.0,1.4028742789664603e-08,0.0,0.0,3.0036675261080587e-08,2.263376031771281e-08,0.0,0.0,0.0,0.0,0.0,0.0,0.0,0.0,5.933246849338382e-08,4.297166815394833e-09,0.0,0.0,2.6198905149675047e-09,0.0,0.0,0.0,8.971523062499973e-09,0.0,0.0,0.0
2020-02-10,4.396864869713925e-07,0.0,7.440347106510076e-07,2.414692187631612e-09,9.927303604065854e-10,1.0673710404710486e-08,0.0,0.0,0.0,0.0,0.0,0.0,0.0,0.0,0.0,0.0,0.0,1.7148091426284102e-08,0.0,0.0,0.0,0.0,0.0,0.0,0.0,1.250711717502845e-08,0.0,0.0,0.0,0.0,0.0,0.0,0.0,0.0,0.0,0.0,0.0,0.0,0.0,0.0,0.0,0.0,1.1564615717533984e-08,0.0,0.0033333333333333335,0.0,0.0,0.0,0.0,2.3586768433221083e-06,0.0,0.0,0.0,0.0,0.0,0.0,0.0,0.0,0.0,0.0,0.0,0.0,0.0,0.0,0.0,0.0,0.0,0.0,0.0,0.0,0.0,0.0,0.0,0.0,0.0,0.0,1.0663010920194213e-08,0.0,0.0,0.0,0.0,6.890665503816331e-09,0.0,0.0,0.0,0.0,0.0,0.0,0.0,0.0,0.0,0.0,0.0,0.0,0.0,0.0,0.0,0.0,1.0561534286151245e-10,0.0,0.0,0.0,0.0,0.0,0.0,0.0,0.0,5.6452287599114696e-09,0.0,0.0,0.0,0.0,0.0,0.0,0.0,0.0,0.0,0.0,0.0,0.0,0.0,0.0,0.0,0.0,0.0,4.5310356572343115e-08,0.0,0.0,0.0,0.0,0.0,0.0,0.0,0.0,0.0,0.0,0.0,0.0,0.0,0.0,0.0,0.0,0.0,0.0,0.0,0.0,0.0,0.0,0.0,0.0,0.0,0.0,0.0,0.0,0.0,0.0,0.0,0.0,1.3394708710185537e-09,0.0,0.0,0.0,0.0,0.0,0.0,0.0,0.0,0.0,0.0,0.0,0.0,0.0,0.0,0.0,0.0,0.0,6.333807034538909e-07,0.0,0.0,0.0,0.0,0.0,3.319990733241865e-08,0.0,3.0574845964766836e-09,0.0,0.0,0.0,0.0,0.0,0.0,4.8058680417728933e-08,2.6748989466387868e-08,0.0,0.0,0.0,0.0,0.0,0.0,0.0,0.0,2.966623424669191e-08,4.297166815394833e-09,0.0,0.0,4.366484191612508e-10,0.0,0.0,0.0,8.971523062499973e-09,0.0,0.0,0.0
2020-02-17,5.843761354809703e-07,1.1266087924830827e-10,9.892820254197647e-07,1.4859644231579148e-09,9.927303604065854e-10,3.557903468236829e-09,0.0,0.0,0.0,0.0,0.0,0.0,0.0,0.0,0.0,0.0,0.0,5.716030475428034e-09,0.0,0.0,0.0,0.0,0.0,0.0,0.0,0.0,0.0,0.0,0.0,0.0,0.0,0.0,0.0,0.0,0.0,0.0,0.0,0.0,0.0,0.0,0.0,0.0,3.854871905844661e-09,0.0,0.013571428571428571,0.0,0.0,0.0,0.0,3.1194642382740575e-06,0.0,0.0,0.0,0.0,0.0,0.0,0.0,0.0,0.0,0.0,0.0,0.0,0.0,0.0,0.0,1.4514521935227304e-09,0.0,0.0,0.0,0.0,0.0,0.0,0.0,0.0,0.0,0.0,2.1326021840388426e-09,0.0,0.0,0.0,0.0,3.4453327519081657e-09,0.0,0.0,0.0,0.0,0.0,0.0,0.0,0.0,0.0,0.0,0.0,0.0,0.0,0.0,0.0,0.0,0.0,0.0,0.0,0.0,0.0,0.0,0.0,0.0,0.0,3.838755556739799e-08,0.0,0.0,0.0,0.0,0.0,0.0,0.0,0.0,0.0,0.0,0.0,0.0,0.0,0.0,0.0,0.0,0.0,1.8124142628937246e-08,0.0,0.0,0.0,0.0,0.0,0.0,0.0,0.0,0.0,0.0,0.0,0.0,0.0,0.0,0.0,0.0,0.0,0.0,0.0,0.0,0.0,0.0,0.0,0.0,0.0,0.0,0.0,0.0,0.0,0.0,0.0,0.0,0.0,0.0,0.0,0.0,0.0,0.0,0.0,0.0,0.0,0.0,0.0,0.0,0.0,0.0,0.0,0.0,0.0,0.0,8.107273004209802e-07,0.0,0.0,0.0,0.0,0.0,8.299976833104662e-09,0.0,0.0,0.0,0.0,0.0,0.0,0.0,0.0,1.2014670104432233e-08,4.115229148675056e-09,0.0,0.0,0.0,0.0,0.0,0.0,0.0,0.0,2.966623424669191e-08,1.0742917038487083e-08,0.0,0.0,1.3099452574837523e-09,0.0,0.0,0.0,2.990507687499991e-09,0.0,0.0,0.0
2020-02-24,1.5195829166004575e-07,0.0,2.5219009589458295e-07,2.4704158535000334e-08,5.2118343921345736e-09,2.4905324277657805e-08,0.0,0.0,0.0,0.0,0.0,0.0,0.0,0.0,0.0,0.0,0.0,4.001221332799624e-08,0.0,0.0,0.0,9.102433599339818e-08,0.0,0.0,0.0,0.0,0.0,0.0,0.0,0.0,0.0,0.0,0.0,0.0,0.0,0.0,0.0,0.0,0.0,0.0,0.0,0.0,3.854871905844661e-09,0.0,0.016,0.0,0.0,0.0,0.0,6.786260489419034e-07,0.0,0.0,0.0,0.0,0.0,0.0,0.0,0.0,0.0,0.0,0.0,0.0,0.0,0.0,0.0,0.0,0.0,0.0,0.0,0.0,0.0,0.0,0.0,0.0,0.0,0.0,0.0,0.0,0.0,0.0,0.0,0.0,0.0,0.0,0.0,0.0,0.0,0.0,0.0,0.0,0.0,0.0,0.0,0.0,0.0,0.0,0.0,0.0,0.0,0.0,7.509580613796201e-08,0.0,0.0,0.0,3.2161269469628506e-08,3.049508551485069e-07,0.0,9.596888891849497e-08,0.0,0.0,0.0,0.0,0.0,1.0358700028724675e-07,0.0,0.0,0.0,2.0858330739078446e-08,0.0,0.0,0.0,0.0,0.0,0.0,0.0,0.0,0.0,0.0,0.0,0.0,0.0,0.0,0.0,0.0,0.0,0.0,0.0,0.0,0.0,0.0,0.0,0.0,0.0,0.0,0.0,0.0,0.0,0.0,0.0,0.0,0.0,0.0,0.0,0.0,0.0,0.0,0.0,0.0,0.0,0.0,0.0,0.0,0.0,0.0,0.0,0.0,0.0,0.0,0.0,0.0,0.0,0.0,0.0,0.0,0.0,0.0,3.5469319393417887e-07,0.0,0.0,0.0,0.0,0.0,2.025194347277538e-06,0.0,0.0,0.0,0.0,0.0,0.0,0.0,0.0,4.8058680417728933e-08,2.057614574337528e-09,0.0,0.0,0.0,0.0,0.0,0.0,0.0,0.0,5.933246849338382e-08,8.594333630789665e-09,0.0,0.0,8.732968383225016e-09,0.0,0.0,0.0,0.0,0.0,0.0,0.0
2020-03-02,1.846387185663276e-07,5.633043962415414e-10,2.443794671280288e-07,3.770634723763209e-07,1.8613694257623475e-08,2.8463227745894634e-08,2.6574736538825975e-09,3.8430985532417225e-09,0.0,1.0148884027190037e-08,0.0,0.0,0.0,0.0,0.0,4.839701347837466e-08,0.0,4.001221332799624e-08,2.260643874327642e-07,4.3105716280646835e-08,0.0,4.187119455696316e-06,0.0,0.0,1.5060762193245784e-08,1.250711717502845e-08,0.0,0.0,0.0,0.0,0.0,0.0,0.0,0.0,1.3639910034672507e-09,0.0,0.0,0.0,0.0,0.0,0.0,0.0,5.7823078587669916e-08,0.0,0.0006666666666666666,0.0,0.0,0.0,0.0,2.9746305047332526e-07,0.0,0.0,0.0,0.0,2.4453465055998435e-07,0.0,0.0,0.0,0.0,0.0,9.85655703267562e-08,0.0,0.0,1.3442639015875152e-08,5.017120967109603e-08,1.4514521935227304e-09,0.0,0.0,0.0,1.081526787039156e-07,0.0,0.0,0.0,0.0,0.0,1.2944531388546937e-07,2.5164705771658344e-07,0.0,0.0,0.0,1.1486771068652601e-07,1.9638396685876544e-07,0.0,0.0,9.321690417712405e-08,0.0,0.0,0.0,0.0,0.0,0.0,0.0,0.0,0.0,0.0,0.0,0.0,1.2121123967583264e-06,0.0,1.0674386126528104e-09,1.6328971799766158e-06,7.062272892171731e-08,2.943380369925222e-08,0.0,1.2864507787851402e-07,3.6806859028389553e-06,0.0,1.2419503271805232e-07,0.0,0.0,0.0,0.0,0.0,1.4847470041172035e-06,0.0,0.0,0.0,1.8772497665170605e-07,0.0,0.0,0.0,5.121184902890299e-08,2.3506756782169466e-07,0.0,0.0,3.1717249600640184e-08,0.0,0.0,0.0,0.0,0.0,5.660363372053072e-09,0.0,3.693116768966001e-06,0.0,0.0,0.0,0.0,0.0,0.0,0.0,0.0,1.0777906243971887e-07,0.0,2.924104858400222e-08,0.0,0.0,7.293290745766547e-10,6.85837846260668e-08,0.0,5.107478552891113e-07,1.774812867428785e-07,2.6926866180428944e-09,0.0,0.0,0.0,0.0,0.0,0.0,0.0,0.0,0.0,1.5406944392588663e-07,2.2007437457503638e-08,0.0,0.0,0.0,0.0,0.0,3.3827353643840245e-05,0.0,0.0,0.0,0.0,0.0,0.0,4.3069887834864577e-07,0.0,0.0,0.0,0.0,0.0,9.544973358070363e-06,0.0,2.476562523146114e-07,0.0,0.0,0.0,1.8237365626563987e-07,4.025778333499201e-07,0.0,7.20880206265934e-08,1.6460916594700225e-08,0.0,0.0,0.0,0.0,0.0,0.0,0.0,0.0,1.1866493698676765e-07,4.9417418377040576e-08,0.0,0.0,2.3579014634707543e-08,0.0,0.0,0.0,0.0,0.0,0.0,0.0
2020-03-09,3.914629301950498e-07,8.674887702119737e-09,3.2570000531478574e-07,1.8180774717337087e-06,1.258285731815347e-07,1.9568469075302559e-07,2.2256341851266756e-08,1.1529295659725167e-08,9.967788095989002e-08,5.751034282074354e-08,1.8551430129748701e-06,0.0,0.0,0.0,3.852803463865522e-08,0.0,0.0,2.915175542468297e-07,1.420976149577375e-06,8.621143256129367e-08,0.0,2.912778751788742e-06,2.656060667003784e-09,0.0,7.530381096622893e-08,2.476409200655633e-06,0.0,0.0,0.0,1.8936675378799786e-07,0.0,0.0,8.595679562177342e-08,0.0,1.5685896539873385e-08,0.0,0.0,8.135122431152051e-08,0.0,0.0,8.791318074055003e-09,1.1330567908062004e-08,1.4648513242209714e-07,0.0,0.0,0.0,0.0,0.0,7.627525359233562e-08,7.436576261833131e-08,2.877360052076764e-09,0.0,1.4287311607151966e-07,0.0,1.7466760754284596e-07,0.0,0.0,0.0,0.0,0.0,8.378073477774276e-07,0.0,0.0,1.3442639015875152e-08,6.689494622812803e-08,6.821825309556833e-08,0.0,0.0,0.0,9.733741083352406e-07,0.0,0.0,0.0,0.0,0.0,6.21337506650253e-07,2.124071775302687e-06,0.0,0.0,0.0,3.8289236895508674e-07,1.331621108612506e-06,0.0,0.0,8.789022393843125e-07,0.0,0.0,0.0,0.0,0.0,0.0,0.0,0.0,0.0,0.00014285714285714284,0.0,1.1699071510501488e-07,2.1009948210477663e-05,3.2740756287068864e-09,2.134877225305621e-09,9.758961969742598e-06,1.5611340077432246e-07,5.886760739850445e-07,0.0,4.663384073096134e-07,1.3441477227708608e-05,0.0,2.641967059638568e-07,0.0,1.434883336882039e-08,0.0,0.0,0.0,6.215220017234806e-07,0.0,0.0,2.2245631217561233e-07,4.5888327625972583e-07,0.0,0.0,3.7683234728869125e-06,0.0,9.402702712867786e-07,0.0,0.0,3.171724960064018e-07,1.1080725299955233e-06,0.0,8.863388591637097e-07,0.0,0.0,2.2641453488212284e-09,4.0288171622454226e-08,0.0,0.0,0.0,0.0,7.930089410251383e-09,0.0,0.0,0.0,0.0,2.0892556719083965e-06,0.0,1.1696419433600888e-07,0.0,0.0,0.0,1.371675692521336e-07,0.0,4.032219910177194e-06,2.958021445714642e-07,1.3463433090214472e-09,5.940542857436758e-07,0.0,0.0,2.0537044957871025e-08,3.1260495711435114e-08,9.376296097129876e-09,4.137674171820817e-08,4.1682683237700754e-07,0.0,6.162777757035465e-07,8.802974983001455e-08,7.910247562568452e-09,0.0,0.0,0.0,0.0,0.00012262415695892093,0.0,4.6630001270582754e-08,3.604236130809262e-08,2.0460530531735632e-08,0.0,0.0,1.1147500380788479e-06,3.4435024552172502e-06,1.3113351786616812e-07,1.105613448239739e-06,0.0,7.4173456616145485e-09,8.77030885364726e-06,0.0,1.5470872058172022e-06,0.0,0.0,0.0,2.6514323872466103e-06,5.166415527990641e-06,0.0,3.0036675261080587e-08,1.4403302020362697e-08,0.0,1.8108181098760244e-08,0.0,1.2352323647481086e-08,0.0,0.0,0.0,3.2014587177724997e-09,3.5599481096030294e-07,5.092142676242876e-07,0.0,0.0,2.0304151490998164e-07,0.0,0.0,0.0,2.0933553812499937e-08,0.0,0.0,0.0
2020-03-16,1.0954775158602248e-06,2.7151271898842296e-08,3.4678548873396065e-07,7.873568241655106e-06,8.899827681045039e-07,7.862966664803393e-07,1.6509555074745638e-07,4.611718263890067e-08,1.9935576191978004e-06,9.472291758710701e-08,7.4205720518994805e-06,0.0,0.0,1.4836751226257488e-06,1.4126946034173583e-07,1.4035133908728654e-06,2.6993649743897746e-06,1.2460946436433113e-06,1.2239771833859664e-05,1.4368572093548944e-07,3.70441714700609e-07,1.2288285359108755e-05,0.0,0.0,3.1627600605816145e-07,8.579882382069516e-06,0.0,0.0,0.0,0.0,1.2583049067574673e-07,0.0,6.876543649741874e-07,0.0,1.1934921280338443e-07,0.0,1.66514916073152e-05,9.55876885660366e-07,2.1698132756336586e-08,0.0,8.791318074055005e-08,1.1330567908062004e-08,9.328790012144079e-07,0.0,-0.0004285714285714286,0.0,3.061414516168386e-08,0.0,4.957891483501815e-07,1.6514327974553575e-08,1.266038422913776e-07,2.7240132473122637e-08,8.572386964291179e-07,2.2794022561626105e-08,1.2576067743084911e-06,5.0398801939839806e-08,8.93700572772697e-07,3.603666370165006e-06,0.0,3.3986056102342768e-09,2.0624845590873734e-05,0.0,0.0,1.2098375114287637e-07,1.923229704058681e-07,8.853858380488655e-08,0.0,1.0913673064334574e-07,0.0,1.741258127133041e-05,1.0450412791305257e-07,5.231685773421813e-09,0.0,0.0,0.0,6.1357078781712476e-06,9.163791584814907e-06,0.0,6.740849717811178e-08,0.0,6.509170272236474e-07,6.780414855755271e-06,9.598321936893758e-09,0.0,3.4357087539568574e-06,0.0,0.0,0.0,8.282626472869441e-09,0.0,1.1507449934595106e-08,0.0,7.3353740343897e-07,0.0,0.0,8.940191815391476e-08,4.533390210319327e-07,4.969660826709139e-05,6.2313052288292356e-09,5.924284300223098e-08,1.2874564717419903e-05,2.341701011614837e-07,4.356202947489329e-06,0.0,3.393013929045807e-06,3.9253557749929905e-05,4.867604800139798e-07,3.6806891514622777e-07,0.0,2.0088366716348546e-07,7.034795262015366e-08,8.33909958905751e-09,1.5483351526271376e-07,1.657392004595948e-06,0.0,0.0,2.0762589136390485e-06,1.3975081595182559e-06,0.0,0.0,2.2609940837321475e-05,6.657540373757389e-07,1.692486488316202e-05,0.0,0.0,1.4907107312300885e-06,2.4931631924899277e-06,0.0,5.318033154982259e-06,3.244306007744223e-08,0.0,5.2075343022888255e-08,8.863397756939929e-07,2.2158700613796007e-05,4.5062387974903494e-08,0.0,0.0,1.03091162333268e-07,0.0,0.0,1.1670119563292455e-07,0.0,7.212906486350417e-06,0.0,8.772314575200666e-08,0.0,0.0,7.293290745766547e-10,6.858378462606681e-07,0.0,2.440837118960595e-05,1.774812867428785e-07,1.6829291362768093e-08,5.940542857436758e-07,1.4706832462603347e-06,0.0,1.4375931470509718e-07,2.858102465045496e-07,1.7413121323241201e-07,4.2881350507961193e-07,2.987258965368554e-06,0.0,1.982360178513075e-05,9.096407482434838e-07,5.240539010201599e-08,5.806285613070544e-08,0.0,1.570816738309e-06,1.2962266841225193e-06,0.0002579335715342819,0.0,4.5358273963203227e-07,1.9823298719450945e-07,1.1048686487137241e-06,4.429129498888288e-06,0.0,1.9254773384998284e-06,0.0,1.468695400101083e-06,1.4027470624541689e-05,0.0,1.1867753058583278e-07,2.362726738490461e-06,0.0,2.1903819649158963e-05,1.1866306282549938e-07,3.41750966064194e-09,2.4801974832444057e-07,1.1629827772631957e-05,3.1333974695735445e-05,0.0,8.410269073102564e-08,1.316873327576018e-07,0.0,0.0,4.111416932007237e-07,2.0998950200717846e-07,3.1237089320520214e-08,0.0,0.0,6.4029174355449994e-09,6.081578020571842e-07,2.402116249805712e-06,0.0,0.0,1.4060079096992276e-06,3.3133026242640685e-07,2.6009177771863096e-08,7.422385414636592e-08,4.037185378124988e-08,0.0,0.0,0.0
2020-03-23,3.2398600925121404e-06,1.088304093538658e-07,5.27554938047131e-07,2.1299814041545554e-05,8.289794874575191e-06,5.546771506981217e-06,1.2300781175409074e-06,6.9175773958351e-08,2.3424302025574153e-06,1.8267991248942068e-07,0.000200355445401286,9.273498630540726e-09,0.0,0.0,6.742406061764665e-07,7.743522156539947e-06,2.6993649743897746e-06,8.065319000828956e-06,4.474460125544211e-05,6.609543163032514e-07,1.111325144101827e-06,1.0922920319207783e-05,2.124848533603027e-08,8.472519383380006e-06,7.379773474690434e-07,3.145539969519655e-05,0.0,2.4877065007850704e-08,1.33995569213178e-05,1.8936675378799786e-07,2.1391183414876942e-07,0.0,4.598688565764878e-06,0.0,9.179659453334598e-07,0.0,1.2655133621559553e-05,2.7252660144359375e-06,4.411953660455106e-07,0.0,6.505575374800703e-07,1.3030153094271303e-07,4.340585765981089e-06,7.881526988056071e-07,0.0,6.678272019375893e-06,9.184243548505158e-08,1.8459677101297578e-08,4.248531625093094e-06,4.759408807573205e-08,5.466984098945852e-07,8.172039741936791e-08,2.828887698216089e-06,1.1966861844853706e-07,6.532568522102439e-06,3.905907150337585e-07,1.787401145545394e-06,7.80794380202418e-06,0.0,4.078326732281132e-08,1.2813524142478307e-05,1.489771230729809e-07,1.994515083520319e-06,2.567544052032154e-06,6.288124945444036e-06,2.670672036081824e-07,6.674793895714087e-08,5.456836532167287e-07,0.0,1.6763665199106916e-05,3.1351238373915766e-07,9.155450103488172e-09,0.0,0.0003387543853964457,4.850930109254265e-07,9.2941735369767e-06,2.2594920139891538e-05,9.260435868137567e-06,3.370424858905589e-07,6.26538386691222e-08,9.189416854922081e-07,3.4343076871020596e-05,1.0558154130583135e-07,6.355232050706277e-05,3.901793274842478e-06,5.099764135908714e-06,1.281758778124992e-06,2.326831992388674e-05,1.4908727651164995e-07,3.853285038827513e-05,1.1507449934595106e-08,0.0,1.833843508597425e-07,2.5686394399790643e-08,0.0,3.129067135387017e-07,1.8718514416802381e-06,0.00015757461157858246,3.6542908630083314e-08,2.1188656461158288e-07,1.3447388540983894e-05,4.05151444866694e-07,2.1692713326348888e-05,3.3982454858556524e-06,1.3202201117282503e-05,8.3112109808614e-05,4.3808443201258183e-07,3.1048758179513083e-07,2.0064205457463884e-05,1.2053020029809128e-06,3.9863839818087074e-07,3.335639835623004e-08,2.24508597130935e-06,2.624204007276918e-06,3.166661388897685e-07,0.0,8.008427238322045e-06,3.1078912801226885e-06,8.893410957791011e-08,0.0,0.00014696461544258958,6.606328524728486e-06,0.00016948371639944186,1.6318841795660946e-08,0.0,3.9782493070517255e-06,0.0,0.0,2.0385793760765326e-05,3.244306007744223e-08,3.161298123848596e-06,2.9773511336999153e-07,2.86046018519425e-06,5.9089868303456015e-05,4.0556149177413146e-07,4.820477387943986e-06,2.4213075060532686e-05,3.4495888934593517e-07,4.8432779665617565e-09,0.0,5.8350597816462276e-08,0.0,2.54441494328844e-05,2.5145592983373736e-06,2.748658566896209e-06,4.419050517944759e-08,6.3653466049621844e-09,2.042121408814633e-08,6.926962247232748e-06,0.0,2.83599467015796e-05,9.761470770858318e-07,5.068982558465749e-07,6.565863158219574e-07,9.23452270907652e-06,1.659910498953825e-08,2.8751862941019437e-07,1.3040092496770077e-06,3.214730090444529e-07,1.914614684960723e-06,1.882667859569484e-05,0.0,4.776152761702486e-06,2.1567288708353565e-06,3.7079285449539614e-07,1.625759971659752e-07,0.0,0.0,0.0,0.00022410621789044165,0.0,1.665962772667184e-06,3.6943420340794943e-07,2.7212505607208393e-06,5.905505998517718e-06,0.0,5.80176724363764e-06,0.0,3.2521112430809696e-06,1.3474663900421819e-05,9.518635193718219e-09,5.513560275133482e-07,2.0058277346669605e-06,0.0,6.365377181404808e-05,4.4828268178521984e-07,3.41750966064194e-09,9.920789932977623e-07,1.2261121198166864e-05,8.00291184546862e-05,8.449943897019992e-09,6.367775155349083e-07,1.2489720466228795e-06,1.126658497641453e-07,2.535145353826434e-07,4.728129471808322e-06,7.040824479064219e-07,2.1137097106885345e-06,0.0,3.3437885464629096e-09,1.4086418358199e-07,9.938188472641792e-07,9.22171998583731e-06,3.043920454281994e-08,0.0,1.3724733111076436e-05,6.212442420495129e-06,1.733945184790873e-07,1.039133958049123e-07,9.121048446874972e-08,0.0,2.4698929517109418e-08,1.9787653545018483e-08
2020-03-30,7.159044157794525e-06,3.6975300569294774e-07,1.237229310626343e-06,3.898984900813474e-05,2.8593116205610674e-05,1.0289456830140911e-05,2.471118313904081e-06,3.074478842593378e-07,6.1301896790332364e-06,1.190802392523631e-06,0.0004099866058674463,2.3183746576351816e-08,0.0,8.902050735754492e-06,1.778710932484583e-06,1.1324901153939673e-05,6.208539441096482e-05,1.3627016653420432e-05,8.367611826261315e-05,2.069074381471048e-06,3.7044171470060903e-06,1.51100397749041e-05,1.9477778224694415e-08,7.974135890240006e-06,2.7109371947842413e-07,9.299041619633653e-05,7.458520371270227e-07,4.975413001570141e-08,3.57321517901808e-05,3.787335075759957e-07,8.682303856626525e-07,0.0,8.509722766555569e-06,0.0,1.848207809698125e-06,9.587084280057905e-06,1.2655133621559553e-05,3.274386778538701e-06,8.389944665783481e-07,0.0,1.8461767955515507e-07,4.079004446902322e-07,1.8599756945700492e-05,5.254351325370713e-07,0.0,1.1130453365626489e-05,6.122829032336772e-08,2.7689515651946366e-08,1.1494680716364977e-05,6.903194240294754e-08,1.3437271443198487e-06,4.086019870968396e-07,5.143432178574708e-06,7.977907896569137e-07,1.6698223281096074e-05,1.310368850435835e-06,5.362203436636182e-06,1.429454326832119e-05,0.0,9.346165428144261e-08,2.464139258168905e-05,2.6815882153136567e-06,1.994515083520319e-05,8.831813833429975e-06,9.20641697464612e-06,4.0930951857341e-07,6.00731450614268e-07,8.730938451467659e-07,0.0,3.817789558248221e-05,5.225206395652629e-07,6.539607216777266e-09,0.0,0.00012961037354298794,3.23395340616951e-07,1.5326325164039573e-05,5.151513835764228e-05,8.74596720879659e-06,6.740849717811178e-08,1.253076773382444e-07,1.3784125282383122e-06,5.60280012115306e-05,6.142926039612005e-07,0.00021184106835687595,7.084484717461428e-06,2.0399056543634855e-05,1.0254070224999935e-05,2.4991899177507983e-05,1.408046500387805e-07,6.346587122774728e-05,6.904469960757063e-08,1.5243713054479581e-07,5.501530525792275e-07,1.669615635986392e-07,0.0007142857142857143,1.668835805539742e-06,4.094675028675521e-06,0.0001826249344449212,6.674889668847587e-08,4.114975851776584e-07,2.911446939827824e-05,1.1671335200746965e-06,5.030237052202205e-05,6.796490971711306e-05,5.1072095917770066e-05,9.113302648705496e-05,7.301407200209696e-07,8.772685492902423e-07,6.420545746388443e-05,2.2958133390112625e-06,1.7508823763238244e-06,7.50518963015176e-08,4.6450054578814125e-06,2.3134430064151775e-06,1.5833306944488427e-06,1.2138242688746993e-07,1.7574048661873374e-05,3.9630828404249046e-06,0.0,1.7112310812441393e-07,6.02931755661906e-05,1.7463240518855922e-05,0.0002707978381305923,1.8494687368415736e-07,0.0,5.2741255050207385e-06,1.1080725299955233e-06,1.3478720806494767e-07,1.8022223469662098e-05,9.73291802323267e-08,9.258087362699459e-06,7.664132005759858e-07,6.808701004194764e-06,8.494168568621802e-05,9.012477594980699e-08,1.4690978706115005e-05,9.685230024213075e-05,1.4432762726657517e-06,3.39029457659323e-08,2.1278929352797506e-08,4.668047825316982e-07,2.0344317710251925e-08,5.523262415180054e-05,5.029118596674747e-06,1.3158471862801001e-05,2.2095252589723794e-08,5.728811944465967e-08,4.8865047996635866e-08,9.944648770779686e-06,0.0,5.2956488153660485e-05,3.3129840192003987e-06,4.99493367646957e-07,1.469502706839619e-06,2.3120508708650842e-05,0.0,8.62555888230583e-07,2.1837689146988245e-06,1.3903707641172587e-06,4.6191489845417845e-06,6.060662142761689e-05,5.67824362177872e-06,7.189907383208043e-06,9.734623168702444e-06,1.0837039160718779e-06,5.922411325331954e-07,1.9069049026525047e-05,5.4978585840815e-06,0.0,0.0003298166980274424,0.0,3.0436673556616742e-06,6.757942745267367e-07,1.1314673384049805e-05,1.4763764996294295e-06,0.0,9.85540374574254e-06,6.8870049104345005e-06,3.960232239558277e-06,2.183586560273485e-05,1.9037270387436437e-08,2.4872832451947456e-06,1.936661261057755e-06,0.0,0.00015356216385804144,2.1754894851341553e-07,1.0252528981925819e-08,7.440592449733217e-07,2.51675645646583e-05,0.00012250107987310277,6.759955117615994e-08,8.470342423624724e-07,1.3724289210831314e-06,0.0,2.7162271648140366e-07,2.877991852405066e-06,2.5075217004386607e-06,1.3850178325948434e-05,2.2706011643642772e-05,1.070012334868131e-07,1.1877411842935975e-06,4.672431893853977e-06,2.9734245779124548e-05,5.073200757136657e-09,4.006201600076919e-05,4.70789959055469e-05,6.25385870329843e-06,4.291514332357411e-07,4.1070532627655815e-07,1.644779228124995e-07,0.0,2.1405738914828162e-07,4.9469133862546214e-08
2020-04-06,1.0062952498218976e-05,5.18578027179963e-07,1.954553599446048e-06,4.467644911000718e-05,5.158028406600536e-05,7.436018248614973e-06,4.7764767086472345e-06,7.109732323497186e-07,7.426002131511806e-06,2.929644522515524e-06,0.0003098088831668033,3.245724520689254e-08,0.0,1.186940098100599e-05,2.3566314520644115e-06,1.9262011364393116e-05,1.8895554820728424e-05,9.437166314931685e-06,5.118743629727589e-05,5.388214535080854e-06,5.556625720509135e-06,1.8204867198679637e-05,3.452878867104919e-08,1.146282034222001e-05,7.078558230825518e-06,0.00011075052258487692,1.118778055690534e-06,1.9901652006280563e-07,3.34988923032945e-05,1.8936675378799786e-07,1.0947252688789966e-06,0.0,1.4612655255701481e-05,3.802550776411155e-07,4.688037078916941e-06,4.793542140028952e-06,2.997268489316736e-06,3.7624941244078238e-06,1.1933973015985124e-06,3.8349613639147466e-08,6.153922651838503e-08,3.121571458671082e-06,3.562287128191051e-05,5.254351325370713e-07,0.0,6.900881086688423e-05,9.184243548505158e-08,3.6919354202595155e-08,1.7787389137732668e-05,4.9748130855021644e-08,2.2529729207761065e-06,7.082434443011886e-07,4.00044725000255e-06,5.470565414790265e-07,1.638382158751895e-05,2.2805457877777514e-06,1.787401145545394e-06,2.7868353262609383e-05,0.0,1.240491047735511e-07,4.864210895625419e-05,5.959084922919237e-06,5.983545250560957e-06,1.1910178168065384e-05,1.4683440697074104e-05,7.170173836002289e-07,8.677232064428314e-07,2.1827346128669147e-07,0.0,4.5207819698236726e-05,0.0,3.5313878970597235e-08,0.0,6.480518677149397e-05,1.4552790327762797e-06,1.835534550895956e-05,6.462637658511308e-05,3.0868119560458554e-06,9.437189604935651e-07,6.26538386691222e-08,3.2162958992227287e-06,6.562153025921889e-05,2.975479800437066e-07,0.00016099921195122572,7.71036964550783e-06,2.549882067954357e-06,3.845276334374976e-06,4.653663984777348e-05,2.81609300077561e-07,0.00024706357013658763,1.300341842609247e-06,1.2194970443583665e-06,3.851071368054593e-06,7.705918319937193e-08,0.00014285714285714284,2.369150831078741e-06,4.343280298273678e-06,0.00018828145896312672,3.1642356721309135e-07,5.273146746504884e-07,3.4783329554646256e-05,1.538832093346893e-06,7.346677403333354e-05,0.00014442543314886525,6.726529509572802e-05,7.389502931075331e-05,1.1682251520335515e-06,2.018733804544341e-06,0.00012306046013911182,1.2339996697185536e-06,1.930660477464217e-06,2.7796998630191705e-07,3.7934211239364873e-06,1.0393229028820425e-05,2.9857093095321034e-06,1.0115202240622495e-07,1.1641880337190379e-05,1.8563914357779816e-06,2.9644703192636707e-07,2.1390388515551743e-07,6.02931755661906e-05,1.674627463245128e-05,0.00020074770291972723,1.9038648761604438e-07,3.149526817059459e-08,5.400994503423299e-06,5.540362649977617e-07,2.021808120974215e-07,2.4522041770195972e-05,3.244306007744223e-08,1.3209710017510205e-05,1.3018835755722063e-06,2.421319114509499e-05,9.971415276208204e-05,9.012477594980699e-08,2.9611503954513054e-05,2.4213075060532686e-05,2.149054230178125e-06,9.686555933123513e-09,3.457826019829595e-08,2.917529890823114e-07,2.0344317710251925e-08,5.791051931857202e-05,1.508735579002424e-06,1.0497536441656798e-05,4.419050517944759e-08,1.1075703092634202e-06,9.845942506784839e-08,1.5362767756238965e-05,2.009171869584654e-05,4.1343694812350166e-05,3.875008093886181e-06,1.1787235670482772e-06,3.4705276693446322e-06,3.4167734023583126e-05,0.0,1.0063152029356801e-06,6.381606910234397e-06,2.4485527522219166e-06,8.425809222616936e-06,7.386171469720573e-05,1.5559281735267675e-05,4.981578686937002e-05,1.5434549470195883e-05,3.811750544212672e-06,3.9482742168879693e-07,8.172449582796448e-06,3.9270418457725e-06,7.777360104735116e-06,0.00015645151060276116,0.0,4.900389224435787e-06,7.208472261618526e-07,2.3877439130535485e-05,2.952752999258859e-06,1.1204256242983568e-07,1.178088108424237e-05,7.57570540147795e-05,3.90777883241181e-06,1.8449924417500646e-05,3.8074540774872875e-08,9.271682077018186e-07,1.7236285223414017e-06,1.3015505110928546e-08,0.00015887301460212143,3.0325004944294284e-07,2.392256762449358e-08,4.960394966488811e-07,4.390996493165022e-05,0.00011319146747688586,8.449943897019994e-08,3.4241809797631865e-07,1.7119353258488236e-06,0.0,2.535145353826434e-07,2.672421005804704e-06,3.396889003057299e-06,3.098025103055149e-05,0.0,6.353198238279529e-08,2.666815111904492e-06,1.9742878891173467e-05,6.077053310331373e-05,2.0292803028546627e-08,1.6024806400307675e-05,8.497614885297103e-05,4.017379431920184e-06,8.53968003509505e-07,1.434994513496408e-07,1.9438299968749942e-08,0.0,8.23297650570314e-08,1.9787653545018483e-08
2020-04-13,1.0660271752834722e-05,6.023977213407044e-07,2.3565920546397066e-06,4.120449323529872e-05,5.835715787132091e-05,2.7467014774788324e-06,8.405921351437393e-06,1.1836743543984506e-06,4.2363099407953255e-06,2.0094790373836276e-06,0.0002541545927775572,2.3183746576351816e-08,0.0,8.902050735754492e-06,2.09977788780671e-06,9.24382957436956e-06,3.779110964145685e-05,3.3038656147974034e-06,3.155212950311581e-05,7.385446056084158e-06,6.667950864610962e-06,3.968661049312161e-05,4.718934451710056e-07,7.475752397100006e-06,3.033237505719701e-05,0.00012452085859458324,3.3563341670716026e-06,1.617009225510296e-07,4.4665189737726006e-05,0.0,1.8497082129334769e-06,0.0,1.478456884694503e-05,4.436309239146348e-07,7.528548343637491e-06,0.0,3.3302983214630396e-07,2.928644075214739e-06,1.0993720596543871e-06,2.5566409092764977e-08,7.033054459244003e-08,9.630982721852703e-07,3.41888589329363e-05,7.881526988056071e-07,0.0,3.116526942375417e-05,6.122829032336772e-08,5.537903130389273e-08,2.0914674535018428e-05,5.815915504081911e-08,3.714671827231102e-06,6.810033118280659e-07,4.029021873216854e-06,1.7836322654472427e-06,1.4602211990581922e-05,4.397295469251023e-06,2.681101718318091e-06,2.2462853707361872e-05,0.0,1.3594422440937108e-07,4.447771360994873e-05,2.3091454076312042e-05,3.989030167040638e-06,1.6426904877399435e-05,3.194233682393113e-05,1.444194932555117e-06,1.2459615271999632e-06,5.456836532167287e-07,0.0,2.2928367885230107e-05,5.225206395652629e-07,3.662180041395269e-08,0.0,8.83707092338554e-06,3.23395340616951e-07,2.710584872761729e-05,5.315510943716815e-05,6.173623912091711e-06,2.4267058984120244e-06,3.1326919334561097e-07,3.17800666232722e-06,4.758865863573154e-05,1.6893046608933015e-06,0.0001101573555455755,5.047029526161431e-06,0.0,2.563517556249984e-06,1.982116141664426e-05,7.12305876666772e-07,0.0001450648485205652,1.4844610415627686e-06,1.600589870720356e-06,2.93414961375588e-06,1.5411836639874387e-07,0.00014285714285714284,1.4751316495395934e-06,1.0441421323122578e-05,8.686805510101342e-05,5.370540184507909e-07,1.0503595948503657e-06,2.3506733735278337e-05,1.4533414214942877e-06,0.0001337472040094021,0.00017161139703571047,4.365892330502069e-05,6.48079666193513e-05,6.814646720195717e-07,4.06569375288824e-06,7.758159443552702e-05,6.313486682280971e-07,3.3610688474073416e-06,1.5288349246605438e-07,1.718652019416123e-05,2.3410662064917766e-05,4.591659013901644e-06,1.618432358499599e-07,8.74994827890742e-06,2.14840806612508e-06,1.0968540181275582e-06,1.497327196088622e-07,7.536646945773825e-06,1.285417410625465e-05,0.00011212722985094835,1.8494687368415736e-07,7.086435338383784e-08,4.626187406036232e-06,2.7701813249888083e-07,5.316606540339602e-07,4.254426523985807e-05,3.244306007744223e-08,1.0951639929046923e-05,2.850558994165927e-06,3.2149960954718475e-05,7.386233537932002e-05,9.012477594980699e-08,1.3313699452416724e-05,0.00012106537530266344,2.5376286112804426e-06,5.327605763217933e-08,5.319732338199377e-08,0.0,1.525823828268894e-08,6.413683284874347e-05,0.0,4.47388043335234e-06,1.3257151553834277e-07,2.1960445787119536e-06,6.636894578647559e-08,2.3661405695993048e-05,7.534394510942452e-06,2.0833136202582167e-05,8.903644551601072e-06,1.4116409595089874e-06,1.5945667669961822e-06,4.8293133574874245e-05,1.659910498953825e-08,6.982595285676148e-07,2.3391782362356733e-05,1.8779381611680123e-06,9.674634518111946e-06,7.373666664749263e-05,1.8867864632997006e-05,7.06151617993647e-05,1.7870039215492954e-05,1.0264534993377887e-05,2.554765669751039e-07,5.448299721864299e-06,7.854083691545e-07,6.481133420612597e-06,0.00038055772849320284,2.707832948369749e-06,8.804592058090944e-06,5.226142389673431e-07,3.523303357564876e-05,0.0,7.469504161989045e-08,3.098498401296434e-05,8.608756138043127e-05,6.740262818321042e-06,1.4372974827116607e-05,1.7133543348692796e-07,1.2807283509054456e-06,6.999647129251601e-07,3.904651533278564e-08,0.00010780690687176787,2.90065264684554e-07,2.392256762449358e-08,0.0,5.12469974106448e-05,7.041757268345685e-05,5.0699663382119954e-08,1.5018337630540292e-07,7.386836321871726e-07,1.126658497641453e-07,5.794617951603278e-07,9.250688097016284e-07,1.9022578417120873e-06,5.186571602902153e-05,1.8164809314914216e-05,6.687577092925819e-09,4.885426003320834e-06,3.4472164194656005e-05,7.836528262894787e-05,2.5366003785683285e-08,1.2018604800230758e-05,9.603470671664886e-05,4.390125977149891e-06,2.2671333291140665e-06,1.6329247912200503e-07,3.140033071874991e-08,5.012762267157882e-09,3.293190602281255e-08,4.9469133862546214e-08
=======
2020-01-12,0.0,0.0,0.0,0.0,0.0,0.0,0.0,0.0,0.0,0.0,0.0,0.0,0.0,0.0,0.0,0.0,0.0,0.0,0.0,0.0,0.0,0.0,0.0,0.0,0.0,0.0,0.0,0.0,0.0,0.0,0.0,0.0,0.0,0.0,0.0,0.0,0.0,0.0,0.0,0.0,0.0,0.0,0.0,0.0,0.0,0.0,0.0,0.0,0.0,0.0,0.0,0.0,0.0,0.0,0.0,0.0,0.0,0.0,0.0,0.0,0.0,0.0,0.0,0.0,0.0,0.0,0.0,0.0,0.0,0.0,0.0,0.0,0.0,0.0,0.0,0.0,0.0,0.0,0.0,0.0,0.0,0.0,0.0,0.0,0.0,0.0,0.0,0.0,0.0,0.0,0.0,0.0,0.0,0.0,0.0,0.0,0.0,0.0,0.0,0.0,0.0,0.0,0.0,0.0,0.0,0.0,0.0,0.0,0.0,0.0,0.0,0.0,0.0,0.0,0.0,0.0,0.0,0.0,0.0,0.0,0.0,0.0,0.0,0.0,0.0,0.0,0.0,0.0,0.0,0.0,0.0,0.0,0.0,0.0,0.0,0.0,0.0,0.0,0.0,0.0,0.0,0.0,0.0,0.0,0.0,0.0,0.0,0.0,0.0,0.0,0.0,0.0,0.0,0.0,0.0,0.0,0.0,0.0,0.0,0.0,0.0,0.0,0.0,0.0,0.0,0.0,0.0,0.0,0.0,0.0,0.0,0.0,0.0,0.0,0.0,0.0,0.0,0.0,0.0,0.0,0.0,0.0,0.0,0.0,0.0,0.0,0.0,0.0,0.0,0.0,0.0,0.0,0.0,0.0,0.0,0.0,0.0,0.0,0.0,0.0,0.0,0.0,0.0,0.0,0.0,0.0,0.0,0.0,0.0,0.0,0.0,0.0,0.0
2020-01-19,3.0365088879239815e-09,0.0,5.142800833945102e-09,0.0,0.0,0.0,0.0,0.0,0.0,0.0,0.0,0.0,0.0,0.0,0.0,0.0,0.0,0.0,0.0,0.0,0.0,0.0,0.0,0.0,0.0,0.0,0.0,0.0,0.0,0.0,0.0,0.0,0.0,0.0,0.0,0.0,0.0,0.0,0.0,0.0,0.0,0.0,0.0,0.0,0.0,0.0,0.0,0.0,0.0,1.6104034111831746e-08,0.0,0.0,0.0,0.0,0.0,0.0,0.0,0.0,0.0,0.0,0.0,0.0,0.0,0.0,0.0,0.0,0.0,0.0,0.0,0.0,0.0,0.0,0.0,0.0,0.0,0.0,0.0,0.0,0.0,0.0,0.0,0.0,0.0,0.0,0.0,0.0,0.0,0.0,0.0,0.0,0.0,0.0,0.0,0.0,0.0,0.0,0.0,0.0,0.0,0.0,0.0,0.0,0.0,0.0,0.0,0.0,0.0,1.1290457519822937e-09,0.0,0.0,0.0,0.0,0.0,0.0,0.0,0.0,0.0,0.0,0.0,0.0,0.0,0.0,0.0,0.0,0.0,0.0,0.0,0.0,0.0,0.0,0.0,0.0,0.0,0.0,0.0,0.0,0.0,0.0,0.0,0.0,0.0,0.0,0.0,0.0,0.0,0.0,0.0,0.0,0.0,0.0,0.0,0.0,0.0,0.0,0.0,0.0,0.0,0.0,0.0,0.0,0.0,0.0,0.0,0.0,0.0,0.0,0.0,0.0,0.0,0.0,0.0,0.0,0.0,0.0,0.0,0.0,0.0,0.0,0.0,0.0,0.0,0.0,0.0,0.0,0.0,0.0,0.0,0.0,0.0,0.0,0.0,0.0,4.115229148675056e-09,0.0,0.0,0.0,0.0,0.0,0.0,0.0,0.0,0.0,0.0,0.0,0.0,0.0,0.0,0.0,0.0,0.0,0.0,0.0,0.0
2020-01-26,3.423663771134289e-08,0.0,5.766365435060945e-08,5.572366586842181e-10,7.44547770304939e-10,1.4231613872947317e-08,0.0,0.0,0.0,0.0,0.0,0.0,0.0,0.0,0.0,0.0,0.0,2.2864121901712134e-08,0.0,0.0,0.0,0.0,0.0,0.0,0.0,0.0,0.0,0.0,0.0,0.0,0.0,0.0,0.0,0.0,0.0,0.0,0.0,0.0,0.0,0.0,0.0,0.0,3.854871905844661e-09,0.0,0.0,0.0,0.0,0.0,0.0,1.8176018118576979e-07,0.0,0.0,0.0,0.0,0.0,0.0,0.0,0.0,0.0,0.0,0.0,0.0,0.0,0.0,0.0,0.0,0.0,0.0,0.0,0.0,0.0,0.0,0.0,0.0,0.0,0.0,6.397806552116528e-09,0.0,0.0,0.0,0.0,0.0,0.0,0.0,0.0,0.0,0.0,0.0,0.0,0.0,0.0,0.0,0.0,0.0,0.0,0.0,0.0,0.0,0.0,0.0,0.0,0.0,0.0,0.0,0.0,0.0,0.0,2.2580915039645874e-09,0.0,0.0,0.0,0.0,0.0,0.0,0.0,0.0,0.0,0.0,0.0,0.0,0.0,0.0,0.0,0.0,0.0,1.8124142628937246e-08,0.0,0.0,0.0,0.0,0.0,0.0,0.0,0.0,0.0,0.0,0.0,0.0,0.0,0.0,0.0,5.086079427562981e-09,0.0,0.0,0.0,0.0,0.0,0.0,0.0,0.0,0.0,0.0,0.0,0.0,0.0,0.0,0.0,0.0,0.0,0.0,0.0,0.0,0.0,0.0,0.0,0.0,0.0,0.0,0.0,0.0,0.0,0.0,0.0,0.0,0.0,0.0,1.0134091255262252e-07,0.0,0.0,0.0,0.0,0.0,8.299976833104662e-09,0.0,0.0,0.0,0.0,0.0,0.0,0.0,0.0,1.802200515664835e-08,6.172843723012584e-09,0.0,0.0,0.0,0.0,0.0,0.0,0.0,0.0,0.0,0.0,0.0,0.0,8.732968383225016e-10,0.0,0.0,0.0,2.990507687499991e-09,0.0,0.0,0.0
2020-02-02,2.3781558046609635e-07,0.0,4.015884601206882e-07,3.9006566107895266e-09,2.2336433109148173e-09,2.4905324277657805e-08,0.0,0.0,0.0,0.0,0.0,0.0,0.0,0.0,0.0,0.0,0.0,4.001221332799624e-08,0.0,0.0,0.0,0.0,0.0,0.0,0.0,0.0,0.0,0.0,0.0,0.0,0.0,0.0,0.0,0.0,0.0,0.0,0.0,0.0,0.0,0.0,8.791318074055003e-09,0.0,1.1564615717533984e-08,0.0,0.0,0.0,0.0,0.0,0.0,1.2730392825601517e-06,0.0,0.0,0.0,0.0,0.0,0.0,0.0,0.0,0.0,0.0,0.0,0.0,0.0,0.0,0.0,0.0,0.0,0.0,0.0,0.0,0.0,0.0,0.0,0.0,0.0,2.5889062777093875e-08,6.397806552116528e-09,0.0,0.0,0.0,0.0,1.3781331007632663e-08,0.0,0.0,0.0,0.0,0.0,0.0,0.0,0.0,0.0,0.0,0.0,0.0,0.0,0.0,0.0,0.0,2.112306857230249e-10,0.0,0.0,0.0,0.0,0.0,0.0,7.091880352290858e-09,0.0,1.80647320317167e-08,0.0,0.0,0.0,0.0,0.0,0.0,0.0,0.0,0.0,0.0,0.0,0.0,0.0,0.0,0.0,0.0,0.0,1.8124142628937246e-08,0.0,0.0,0.0,0.0,0.0,0.0,0.0,0.0,0.0,0.0,0.0,0.0,0.0,0.0,0.0,0.0,0.0,0.0,0.0,0.0,0.0,0.0,0.0,0.0,0.0,0.0,0.0,0.0,0.0,0.0,0.0,0.0,2.6789417420371074e-09,0.0,0.0,0.0,0.0,0.0,1.977561890642113e-09,0.0,0.0,0.0,0.0,0.0,0.0,0.0,0.0,0.0,0.0,0.0,3.5469319393417887e-07,0.0,0.0,0.0,0.0,0.0,3.319990733241865e-08,0.0,3.0574845964766836e-09,6.592392379194409e-09,0.0,0.0,1.4028742789664603e-08,0.0,0.0,4.205134536551282e-08,2.8806604040725394e-08,0.0,0.0,0.0,0.0,0.0,0.0,0.0,0.0,7.416558561672979e-08,4.297166815394833e-09,0.0,0.0,2.6198905149675047e-09,0.0,0.0,0.0,7.476269218749978e-09,0.0,0.0,0.0
2020-02-09,4.3646019627797335e-07,0.0,7.384740572493045e-07,2.414692187631612e-09,1.7372781307115244e-09,1.0673710404710486e-08,0.0,0.0,0.0,0.0,0.0,0.0,0.0,0.0,0.0,0.0,0.0,1.7148091426284102e-08,0.0,0.0,0.0,0.0,0.0,0.0,0.0,1.250711717502845e-08,0.0,0.0,0.0,0.0,0.0,0.0,0.0,0.0,0.0,0.0,0.0,0.0,0.0,0.0,0.0,0.0,1.1564615717533984e-08,0.0,0.0030476190476190473,0.0,0.0,0.0,0.0,2.3420599418818742e-06,0.0,0.0,0.0,0.0,0.0,0.0,0.0,0.0,0.0,0.0,0.0,0.0,0.0,0.0,0.0,0.0,0.0,0.0,0.0,0.0,0.0,0.0,0.0,0.0,0.0,0.0,1.0663010920194213e-08,0.0,0.0,0.0,0.0,8.613331879770414e-09,0.0,0.0,0.0,0.0,0.0,0.0,0.0,0.0,0.0,0.0,0.0,0.0,0.0,0.0,0.0,0.0,1.0561534286151245e-10,0.0,0.0,0.0,0.0,0.0,0.0,0.0,0.0,6.774274511893763e-09,0.0,0.0,0.0,0.0,0.0,0.0,0.0,0.0,0.0,0.0,0.0,0.0,0.0,0.0,0.0,0.0,0.0,3.624828525787449e-08,0.0,0.0,0.0,0.0,0.0,0.0,0.0,0.0,0.0,0.0,0.0,0.0,0.0,0.0,0.0,0.0,0.0,0.0,0.0,0.0,0.0,0.0,0.0,0.0,0.0,0.0,0.0,0.0,0.0,0.0,0.0,0.0,1.3394708710185537e-09,0.0,0.0,0.0,0.0,0.0,0.0,0.0,0.0,0.0,0.0,0.0,0.0,0.0,0.0,0.0,0.0,0.0,5.573750190394239e-07,0.0,0.0,0.0,0.0,0.0,2.766658944368221e-08,0.0,0.0,0.0,0.0,0.0,0.0,0.0,0.0,4.8058680417728933e-08,2.6748989466387868e-08,0.0,0.0,0.0,0.0,0.0,0.0,0.0,0.0,2.966623424669191e-08,4.297166815394833e-09,0.0,0.0,1.7465936766450031e-09,0.0,0.0,0.0,1.0466776906249969e-08,0.0,0.0,0.0
2020-02-16,6.018550397670827e-07,1.1266087924830827e-10,1.0188852727201612e-06,1.4859644231579148e-09,9.927303604065854e-10,3.557903468236829e-09,0.0,0.0,0.0,0.0,0.0,0.0,0.0,0.0,0.0,0.0,0.0,5.716030475428034e-09,0.0,0.0,0.0,0.0,0.0,0.0,0.0,0.0,0.0,0.0,0.0,0.0,0.0,0.0,0.0,0.0,0.0,0.0,0.0,0.0,0.0,0.0,0.0,0.0,3.854871905844661e-09,0.0,0.013857142857142856,0.0,0.0,0.0,0.0,3.2140369736314396e-06,0.0,0.0,0.0,0.0,0.0,0.0,0.0,0.0,0.0,0.0,0.0,0.0,0.0,0.0,0.0,1.4514521935227304e-09,0.0,0.0,0.0,0.0,0.0,0.0,0.0,0.0,0.0,0.0,0.0,0.0,0.0,0.0,0.0,3.4453327519081657e-09,0.0,0.0,0.0,0.0,0.0,0.0,0.0,0.0,0.0,0.0,0.0,0.0,0.0,0.0,0.0,0.0,0.0,0.0,0.0,0.0,0.0,0.0,0.0,0.0,0.0,3.048423530352194e-08,0.0,0.0,0.0,0.0,0.0,0.0,0.0,0.0,0.0,0.0,0.0,0.0,0.0,0.0,0.0,0.0,0.0,2.718621394340587e-08,0.0,0.0,0.0,0.0,0.0,0.0,0.0,0.0,0.0,0.0,0.0,0.0,0.0,0.0,0.0,0.0,0.0,0.0,0.0,0.0,0.0,0.0,0.0,0.0,0.0,0.0,0.0,0.0,0.0,0.0,0.0,0.0,0.0,0.0,0.0,0.0,0.0,0.0,0.0,0.0,0.0,0.0,0.0,0.0,0.0,0.0,0.0,0.0,0.0,0.0,8.107273004209802e-07,0.0,0.0,0.0,0.0,0.0,1.1066635777472885e-08,0.0,3.0574845964766836e-09,0.0,0.0,0.0,0.0,0.0,0.0,0.0,4.115229148675056e-09,0.0,0.0,0.0,0.0,0.0,0.0,0.0,0.0,1.4833117123345956e-08,1.0742917038487083e-08,0.0,0.0,1.3099452574837523e-09,0.0,0.0,0.0,2.990507687499991e-09,0.0,0.0,0.0
2020-02-23,1.811846897063141e-07,0.0,3.0348953421318536e-07,1.4302407572894931e-08,5.2118343921345736e-09,2.4905324277657805e-08,0.0,0.0,0.0,0.0,0.0,0.0,0.0,0.0,0.0,0.0,0.0,4.001221332799624e-08,0.0,0.0,0.0,0.0,0.0,0.0,0.0,0.0,0.0,0.0,0.0,0.0,0.0,0.0,0.0,0.0,0.0,0.0,0.0,0.0,0.0,0.0,0.0,0.0,3.854871905844661e-09,0.0,0.013285714285714284,0.0,0.0,0.0,0.0,8.667457849998615e-07,0.0,0.0,0.0,0.0,0.0,0.0,0.0,0.0,0.0,0.0,0.0,0.0,0.0,0.0,0.0,0.0,0.0,0.0,0.0,0.0,0.0,0.0,0.0,0.0,0.0,0.0,2.1326021840388426e-09,0.0,0.0,0.0,0.0,0.0,0.0,0.0,0.0,0.0,0.0,0.0,0.0,0.0,0.0,0.0,0.0,0.0,0.0,0.0,0.0,0.0,0.0,0.0,4.8899594694486884e-08,0.0,0.0,0.0,1.6080634734814253e-08,1.7966096892470177e-07,0.0,9.032366015858351e-08,0.0,0.0,0.0,0.0,0.0,0.0,0.0,0.0,0.0,2.0858330739078446e-08,0.0,0.0,0.0,0.0,0.0,0.0,0.0,0.0,0.0,0.0,0.0,0.0,0.0,0.0,0.0,0.0,0.0,0.0,0.0,0.0,0.0,0.0,0.0,0.0,0.0,0.0,0.0,0.0,0.0,0.0,0.0,0.0,0.0,0.0,0.0,0.0,0.0,0.0,0.0,0.0,0.0,0.0,0.0,0.0,0.0,0.0,0.0,0.0,0.0,0.0,0.0,0.0,0.0,0.0,0.0,0.0,0.0,0.0,4.3069887834864577e-07,0.0,0.0,0.0,0.0,0.0,1.5825289161786225e-06,0.0,0.0,0.0,0.0,0.0,0.0,0.0,0.0,4.8058680417728933e-08,2.057614574337528e-09,0.0,0.0,0.0,0.0,0.0,0.0,0.0,0.0,7.416558561672979e-08,0.0,0.0,0.0,8.732968383225016e-09,0.0,0.0,0.0,0.0,0.0,0.0,0.0
2020-03-01,1.5584881867269836e-07,2.2532175849661654e-10,2.1686548266642253e-07,2.6115824737000356e-07,1.2160946914980671e-08,1.7789517341184147e-08,9.96552620205974e-10,3.8430985532417225e-09,0.0,3.382961342396679e-09,0.0,0.0,0.0,0.0,0.0,4.839701347837466e-08,0.0,2.2864121901712134e-08,1.6147456245197443e-07,1.4368572093548945e-08,0.0,3.7319977757293255e-06,0.0,0.0,1.5060762193245784e-08,0.0,0.0,0.0,0.0,0.0,0.0,0.0,0.0,0.0,1.3639910034672507e-09,0.0,0.0,0.0,0.0,0.0,0.0,0.0,4.2403590964291274e-08,0.0,0.0033809523809523808,0.0,0.0,0.0,0.0,2.987965055271712e-07,0.0,0.0,0.0,0.0,1.7466760754284596e-07,0.0,0.0,0.0,0.0,0.0,7.392417774506715e-08,0.0,0.0,0.0,8.361868278516004e-09,0.0,0.0,0.0,0.0,1.081526787039156e-07,0.0,0.0,0.0,0.0,0.0,5.177812555418775e-08,1.8766899219541816e-07,0.0,0.0,0.0,1.1486771068652601e-07,1.6537597209159194e-07,0.0,0.0,9.321690417712405e-08,0.0,0.0,0.0,0.0,0.0,0.0,0.0,0.0,0.0,0.0,0.0,0.0,4.0403746558610887e-07,0.0,0.0,9.86723964370896e-07,4.8320814525385526e-08,2.943380369925222e-08,0.0,9.648380840888551e-08,2.4797941631843703e-06,0.0,1.2080789546210544e-07,0.0,0.0,0.0,0.0,0.0,1.5538050043087014e-06,0.0,0.0,0.0,6.257499221723534e-08,0.0,0.0,0.0,5.121184902890299e-08,2.3506756782169466e-07,0.0,0.0,1.3593106971702934e-08,0.0,0.0,0.0,0.0,0.0,4.528290697642457e-09,0.0,3.693116768966001e-06,0.0,0.0,0.0,0.0,0.0,0.0,0.0,0.0,5.8034879775233234e-08,0.0,2.924104858400222e-08,0.0,0.0,7.293290745766547e-10,6.85837846260668e-08,0.0,4.032219910177194e-07,1.774812867428785e-07,2.6926866180428944e-09,0.0,0.0,0.0,0.0,0.0,0.0,0.0,0.0,0.0,5.135648130862888e-08,2.2007437457503638e-08,0.0,0.0,0.0,0.0,0.0,4.228419205480031e-06,0.0,0.0,0.0,0.0,0.0,0.0,3.2935796579602326e-07,0.0,0.0,0.0,0.0,0.0,8.092477412277046e-06,0.0,1.9567901417450775e-07,0.0,0.0,0.0,1.6834491347597525e-07,3.0193337501244007e-07,0.0,8.410269073102564e-08,1.4403302020362697e-08,0.0,0.0,0.0,0.0,0.0,0.0,0.0,0.0,1.1866493698676765e-07,3.008016770776383e-08,0.0,0.0,1.4846046251482526e-08,0.0,0.0,0.0,0.0,0.0,0.0,0.0
2020-03-08,3.5678979433106786e-07,4.6190960491806394e-09,3.309070911591552e-07,1.4796490743594938e-06,1.0051394899116677e-07,1.8501098034831514e-07,1.3619552476148313e-08,1.1529295659725167e-08,0.0,5.4127381478346866e-08,1.8551430129748701e-06,0.0,0.0,0.0,2.8896025978991423e-08,0.0,0.0,2.7436946282054564e-07,1.4371236058225725e-06,1.1494857674839156e-07,0.0,2.00253539185476e-06,0.0,0.0,7.530381096622893e-08,2.1011956854047795e-06,0.0,0.0,0.0,1.8936675378799786e-07,0.0,0.0,8.595679562177342e-08,0.0,7.501950519069879e-09,0.0,0.0,4.0675612155760255e-08,0.0,0.0,8.791318074055003e-09,5.665283954031002e-09,1.4263026051625246e-07,0.0,0.0,0.0,0.0,0.0,3.813762679616781e-08,9.077751712720443e-08,2.877360052076764e-09,0.0,2.857462321430393e-08,0.0,2.4453465055998435e-07,0.0,0.0,0.0,0.0,0.0,6.899589922872934e-07,0.0,0.0,2.6885278031750304e-08,1.0034241934219206e-07,2.0320330709318227e-08,0.0,0.0,0.0,9.733741083352406e-07,0.0,0.0,0.0,0.0,0.0,4.14225004433502e-07,1.313682945367927e-06,0.0,0.0,0.0,3.4460313205957806e-07,1.267882452702205e-06,0.0,0.0,7.856853352071884e-07,0.0,0.0,0.0,0.0,0.0,0.0,0.0,0.0,0.0,0.00014285714285714284,0.0,1.0236687571688803e-07,2.1009948210477663e-05,3.2740756287068864e-09,2.134877225305621e-09,9.133745723291657e-06,1.523964150416005e-07,5.2980846658654e-07,0.0,2.8945142522665656e-07,1.1240630358381011e-05,0.0,2.438738824281755e-07,0.0,1.434883336882039e-08,0.0,0.0,0.0,5.524640015319826e-07,0.0,0.0,1.483042081170749e-07,3.754499533034121e-07,0.0,0.0,3.7683234728869125e-06,0.0,4.701351356433893e-07,0.0,0.0,3.0811042469193314e-07,5.540362649977617e-07,0.0,8.863388591637097e-07,0.0,0.0,1.1320726744106142e-09,4.0288171622454226e-08,0.0,0.0,0.0,0.0,7.930089410251383e-09,0.0,0.0,0.0,0.0,1.5006161770453165e-06,0.0,1.1696419433600888e-07,0.0,0.0,0.0,1.371675692521336e-07,0.0,3.548353520955931e-06,2.958021445714642e-07,1.3463433090214472e-09,5.940542857436758e-07,0.0,0.0,2.0537044957871025e-08,4.465785101633588e-09,4.018412613055661e-09,2.2569131846295364e-08,2.917787826639053e-07,0.0,5.649212943949177e-07,7.335812485834546e-08,7.910247562568452e-09,0.0,0.0,0.0,0.0,0.00010571048013700078,0.0,2.9673637172189025e-08,3.604236130809262e-08,2.0460530531735632e-08,0.0,0.0,9.120682129736029e-07,3.4435024552172502e-06,7.868011071970087e-08,8.292100861798042e-07,0.0,4.944897107743033e-09,9.982105471280542e-06,0.0,1.112924393117513e-06,0.0,0.0,0.0,2.076253932870361e-06,4.1264227918366815e-06,0.0,3.0036675261080587e-08,1.6460916594700225e-08,0.0,1.8108181098760244e-08,0.0,1.2352323647481086e-08,0.0,0.0,0.0,3.2014587177724997e-09,3.5599481096030294e-07,3.931907636086272e-07,0.0,0.0,1.5894002457469528e-07,0.0,0.0,0.0,7.476269218749978e-09,0.0,0.0,0.0
2020-03-15,9.289819378992431e-07,2.1968871453420116e-08,3.218429046893269e-07,6.574649590262194e-06,6.981376259559311e-07,6.333068173461556e-07,1.1792539339104028e-07,2.3058591319450333e-08,1.8938797382379106e-06,6.765922684793359e-08,1.8551430129748701e-06,0.0,0.0,1.4836751226257488e-06,1.155841039159657e-07,9.195432560891187e-07,2.6993649743897746e-06,1.0003053331999059e-06,8.97798567232978e-06,1.4368572093548944e-07,0.0,1.3471601727022932e-05,2.656060667003784e-09,0.0,2.2591143289868676e-07,6.5037009310147945e-06,0.0,0.0,0.0,0.0,1.2583049067574673e-07,0.0,4.297839781088671e-08,0.0,7.365551418723154e-08,0.0,1.332119328585216e-05,7.93174437037325e-07,2.1698132756336586e-08,0.0,4.395659037027502e-08,1.1330567908062004e-08,7.208610463929517e-07,0.0,-0.0004285714285714286,0.0,0.0,0.0,4.2714142011707945e-07,1.8565797288162713e-08,9.495288171853321e-08,0.0,7.429402035719022e-07,2.2794022561626105e-08,8.733380377142299e-07,5.0398801939839806e-08,8.93700572772697e-07,2.522566459115504e-06,0.0,3.3986056102342768e-09,1.9614548495024484e-05,0.0,0.0,1.2098375114287637e-07,1.2542802417774008e-07,1.1321327109477298e-07,0.0,1.0913673064334574e-07,0.0,1.1356031263911139e-05,1.0450412791305257e-07,1.3079214433554532e-09,0.0,0.0,0.0,4.94481099042493e-06,8.067634062218943e-06,0.0,6.740849717811178e-08,0.0,6.892062641191561e-07,5.078420476312636e-06,9.598321936893758e-09,0.0,2.157305496670585e-06,0.0,0.0,0.0,8.282626472869441e-09,0.0,1.1507449934595106e-08,0.0,1.833843508597425e-07,0.0,0.0,4.470095907695738e-08,3.5097214531504466e-07,3.4343184574819255e-05,5.9144592002446974e-09,4.910217618202928e-08,1.2060735748575944e-05,1.1522655771438088e-07,3.237718406917744e-06,0.0,2.4603371144265808e-06,3.610712683363019e-05,3.894083840111838e-07,3.6693986939424553e-07,0.0,0.0,4.689863508010244e-08,2.7796998630191704e-09,0.0,1.4847470041172035e-06,0.0,0.0,1.7796504974048987e-06,1.4809414824745697e-06,0.0,0.0,1.1304970418660738e-05,4.0969479223122393e-07,8.227364873759314e-06,0.0,0.0,6.570001702989752e-07,1.939126927492166e-06,0.0,4.4316942958185485e-06,3.244306007744223e-08,0.0,4.075461627878212e-08,7.654752608266303e-07,7.386233537932002e-06,4.5062387974903494e-08,0.0,0.0,6.344071528201106e-08,0.0,0.0,1.1670119563292455e-07,0.0,6.392127472386403e-06,0.0,8.772314575200666e-08,0.0,0.0,7.293290745766547e-10,6.858378462606681e-07,0.0,2.042991421156445e-05,1.1832085782858567e-07,1.6156119708257366e-08,5.940542857436758e-07,1.4706832462603347e-06,0.0,1.2322226974722614e-07,1.8756297426861067e-07,1.4064444145694813e-07,3.6862915348949095e-07,2.0563457063932373e-06,0.0,1.6690856425304387e-05,7.335812485834546e-07,4.8450266320731764e-08,1.1612571226141086e-08,0.0,1.570816738309e-06,1.2962266841225193e-06,0.0002790756675616821,0.0,3.3488819094327617e-07,1.5318003555939365e-07,9.207238739281036e-07,2.952752999258859e-06,0.0,1.9254773384998284e-06,0.0,1.0752948465025786e-06,1.1678042047032244e-05,0.0,5.439386818517336e-08,2.8441253948105313e-06,0.0,1.627499050704539e-05,6.59239237919441e-08,3.41750966064194e-09,2.4801974832444057e-07,1.0703930748514093e-05,1.8367613646590104e-05,0.0,8.410269073102564e-08,6.58436663788009e-08,0.0,0.0,2.0557084660036184e-07,1.852848547122163e-07,3.4707877022800235e-09,0.0,0.0,6.4029174355449994e-09,5.933246849338383e-07,2.0067769027893867e-06,0.0,0.0,1.0994807194480295e-06,2.4849769681980517e-07,0.0,4.948256943091062e-08,4.7848122999999857e-08,0.0,0.0,0.0
2020-03-22,2.854584049176236e-06,1.00493504289491e-07,5.026444965077094e-07,1.9414310934111053e-05,6.3212105698889325e-06,3.36577668095204e-06,9.78946857249002e-07,5.380337974538412e-08,1.8938797382379106e-06,1.928287965166107e-07,0.00015954229911583885,9.273498630540726e-09,0.0,0.0,5.779205195798285e-07,6.775581886972453e-06,2.6993649743897746e-06,4.852909873638401e-06,3.825332384487275e-05,4.885314511806641e-07,1.481766858802436e-06,8.647311919372828e-06,1.8592424669026487e-08,6.977368903960006e-06,8.283419206285181e-07,2.6590131114110486e-05,0.0,2.4877065007850704e-08,4.4665189737726e-06,1.8936675378799786e-07,1.2583049067574673e-07,0.0,3.825077405168917e-06,0.0,6.867694702457608e-07,0.0,1.4320282782291073e-05,2.4812123415013756e-06,4.411953660455106e-07,0.0,3.8681799525842017e-07,1.3596681489674404e-07,4.078454476383651e-06,7.881526988056071e-07,0.0,6.678272019375893e-06,9.184243548505158e-08,1.8459677101297578e-08,3.6307020709951755e-06,3.6003286453840405e-08,5.064153691655104e-07,1.0896052989249055e-07,2.571716089287354e-06,7.408057332528484e-08,5.903765134948193e-06,2.6459371018415897e-07,1.787401145545394e-06,7.567699377346512e-06,0.0,3.568535890745991e-08,1.2296054898262836e-05,1.489771230729809e-07,0.0,1.3577065406033904e-06,4.2143816123720665e-06,2.7867882115636426e-07,6.674793895714087e-08,5.456836532167287e-07,0.0,2.065716163244788e-05,0.0,1.0463371546843625e-08,0.0,0.00027100350831715656,3.23395340616951e-07,8.051498523676195e-06,2.1240717753026874e-05,8.74596720879659e-06,1.3481699435622356e-07,6.26538386691222e-08,7.274955010146648e-07,3.0436069530356734e-05,9.118405840049072e-08,4.236821367137519e-05,4.021643580213067e-06,5.099764135908714e-06,0.0,1.29268444021593e-05,1.3252202356591105e-07,2.2666382581338313e-06,1.1507449934595106e-08,0.0,7.3353740343897e-07,2.5686394399790643e-08,0.0,3.427073529233399e-07,1.4623839388126861e-06,0.00013535255097134647,2.4291528858147864e-08,1.8893663443954743e-07,1.3763489492401827e-05,4.794911595211332e-07,1.9308575226709458e-05,3.3982454858556524e-06,1.1336847488044048e-05,7.664195096720731e-05,5.354365280153777e-07,3.0032617002729015e-07,1.6051364365971107e-05,1.1909531696120924e-06,3.9082195900085366e-07,1.667819917811502e-08,1.858002183152565e-06,2.4860880068939223e-06,3.166661388897685e-07,0.0,7.26690619773667e-06,2.8575913112537477e-06,8.893410957791011e-08,0.0,0.0001205863511323812,4.916337506774687e-06,0.00014856270286331104,1.6318841795660946e-08,0.0,4.281828696086425e-06,1.1080725299955233e-06,0.0,1.6249545751334678e-05,3.244306007744223e-08,1.580649061924298e-06,2.37735261626229e-07,2.4172902973472534e-06,5.539675153449002e-05,4.0556149177413146e-07,3.2136515919626573e-06,2.4213075060532686e-05,3.092734869998039e-07,0.0,0.0,5.8350597816462276e-08,0.0,2.21527426799176e-05,2.0116474386698987e-06,1.695980817872129e-06,2.2095252589723794e-08,6.3653466049621844e-09,1.4586581491533096e-08,4.93803249307681e-06,0.0,2.7392213923137073e-05,9.465668626286854e-07,4.146737391786058e-07,4.377242105479716e-07,6.908791063827619e-06,1.659910498953825e-08,3.0805567436806535e-07,1.2280909029492365e-06,3.60317664303991e-07,1.6249774929332664e-06,1.543648702569518e-05,0.0,7.395333308442559e-06,1.8632963714019746e-06,2.442288934943009e-07,1.8580113961825738e-07,0.0,0.0,0.0,0.00024947673312332186,0.0,1.2971618535271203e-06,3.153706614458105e-07,2.1074346447687703e-06,7.381882498147148e-06,0.0,5.523079734117928e-06,0.0,3.5143782788133057e-06,1.3958369784026705e-05,9.518635193718219e-09,5.340488876362476e-07,2.0334943241106427e-06,0.0,5.862115216824746e-05,4.416902894060254e-07,3.41750966064194e-09,9.920789932977623e-07,1.1531626573104306e-05,7.914009240603846e-05,0.0,5.64689494908315e-07,1.0637867349325022e-06,1.126658497641453e-07,2.535145353826434e-07,4.830914895108503e-06,5.435022404891678e-07,1.6399471893273113e-06,0.0,3.3437885464629096e-09,1.21655431275355e-07,1.008651964387525e-06,8.332206455050581e-06,1.521960227140997e-08,0.0,1.0390485782361125e-05,5.342700481625811e-06,1.4305047774524705e-07,1.286546805203676e-07,6.130540759374982e-08,0.0,1.6465953011406276e-08,1.9787653545018483e-08
2020-03-29,6.674246535656912e-06,3.321242720240128e-07,1.0991451082349169e-06,3.709691607858445e-05,2.5889166886453237e-05,1.135682787061196e-05,2.4282665512352236e-06,3.151340813658212e-07,6.030511798073346e-06,1.065632822854954e-06,0.00040813146285447144,9.273498630540726e-09,0.0,8.902050735754492e-06,1.66954816767506e-06,1.2776811558290913e-05,3.2392379692677294e-05,1.54961586188854e-05,8.504865204345494e-05,1.8535458000678137e-06,2.593092002904263e-06,1.5201064110897498e-05,2.124848533603027e-08,5.980601917680005e-06,2.7109371947842413e-07,7.903247342900476e-05,7.458520371270227e-07,4.975413001570141e-08,4.4665189737726006e-05,3.787335075759957e-07,7.67565993122055e-07,0.0,7.091435638796308e-06,0.0,1.893219512812544e-06,9.587084280057905e-06,1.2322103789413248e-05,3.416751421083862e-06,8.389944665783481e-07,0.0,4.5714853985086025e-07,4.079004446902322e-07,1.5743296863469596e-05,5.254351325370713e-07,0.0,1.1130453365626489e-05,9.184243548505158e-08,2.7689515651946366e-08,1.0464964792868447e-05,7.313488103016584e-08,1.145189300726552e-06,4.086019870968396e-07,5.086282932146099e-06,7.009161937700027e-07,1.5755018200364705e-05,1.1843718455862354e-06,4.468502863863485e-06,1.1411610172189186e-05,0.0,5.947559817909984e-08,2.156121850897792e-05,2.0856797230217328e-06,2.193966591872351e-05,8.159681882636216e-06,1.0895514366906354e-05,3.6431450057420536e-07,3.55989007771418e-07,7.639571145034202e-07,0.0,3.612299468710781e-05,8.360330233044205e-07,9.155450103488172e-09,0.0,0.00018557848939109635,4.850930109254265e-07,1.804467675563443e-05,4.9297232086241886e-05,8.74596720879659e-06,2.696339887124471e-07,1.253076773382444e-07,1.3784125282383122e-06,5.354736163015671e-05,5.758993162136255e-07,0.00019489378288832586,7.071168016864696e-06,2.0399056543634855e-05,1.1535829003124928e-05,3.44715850724248e-05,1.408046500387805e-07,8.61322538090856e-05,6.904469960757063e-08,1.5243713054479581e-07,5.501530525792275e-07,7.705918319937193e-08,0.0007142857142857143,1.2516268541548067e-06,4.05080351051114e-06,0.00019797835813719334,6.96005109457367e-08,3.7627211096011566e-07,2.584343579603632e-05,1.0853598339548133e-06,4.797710002978112e-05,5.097368228783479e-05,4.399661663445179e-05,9.194386480733356e-05,6.327886240181738e-07,7.304926015325441e-07,6.554307116104868e-05,2.166673838691879e-06,1.3522439781429538e-06,8.617069575359428e-08,4.95467248840684e-06,2.037211005649186e-06,1.5833306944488427e-06,1.2138242688746993e-07,1.3421530834595279e-05,3.7962161945122773e-06,0.0,2.139038851555174e-08,9.420808682217283e-05,1.4800224369352965e-05,0.00027291344624098753,1.3599034829717456e-07,0.0,5.151787542275412e-06,8.310543974966425e-07,6.739360403247383e-08,2.2453917765480647e-05,9.73291802323267e-08,9.935508389238445e-06,6.758473866231368e-07,6.083513914990589e-06,9.232791922415003e-05,9.012477594980699e-08,1.6068257959813286e-05,9.685230024213075e-05,1.0388417127429313e-06,3.874622373249405e-08,2.1278929352797506e-08,2.917529890823114e-07,2.0344317710251925e-08,5.0830263985993567e-05,5.532030456342222e-06,1.198882991944091e-05,4.419050517944759e-08,5.728811944465967e-08,5.46996805932491e-08,1.069907040166642e-05,0.0,5.158553338420024e-05,2.958021445714642e-06,5.129568007371715e-07,1.4069706767613373e-06,2.243646998945999e-05,0.0,7.598706634412279e-07,1.5764221408766566e-06,9.309322553578949e-07,4.145197215769581e-06,5.4048545931551974e-05,4.471057969904504e-06,5.5978564626405475e-06,7.959356547130483e-06,9.472521456175721e-07,4.993405627240667e-07,5.448299721864299e-06,1.570816738309e-06,0.0,0.0003086746020000423,0.0,3.4379028209493285e-06,6.667836841997135e-07,1.0434870571185174e-05,0.0,0.0,9.39936963925574e-06,6.8870049104345005e-06,3.0685243180683342e-06,2.1283058878614975e-05,1.9037270387436437e-08,2.341408780516326e-06,1.8979280358365996e-06,0.0,0.00014468628607446963,2.439185180301931e-07,1.0252528981925819e-08,7.440592449733217e-07,2.3862891485219494e-05,0.00011867659045627853,4.224971948509997e-08,7.809535567880952e-07,1.3292190150220434e-06,0.0,2.354063542838832e-07,2.5696355825045234e-06,2.0628380491293418e-06,1.1201967309108776e-05,2.2706011643642772e-05,9.696986784742439e-08,8.643938537985749e-07,4.672431893853977e-06,2.593555031431551e-05,1.7756202649978298e-08,2.9378811733897407e-05,4.275573990743135e-05,6.999351793757846e-06,4.334862961977183e-07,4.1070532627655815e-07,1.928877458437494e-07,0.0,2.1405738914828162e-07,4.9469133862546214e-08
2020-04-05,9.82113252165693e-06,4.968344774850395e-07,1.8567118135802425e-06,4.455255682622639e-05,4.9592093336701075e-05,8.311262501801233e-06,4.420043054820231e-06,6.302681627316424e-07,6.77809590527252e-06,3.0142185560754413e-06,0.00029311259605002953,2.7820495891622177e-08,0.0,1.186940098100599e-05,2.266732704574216e-06,1.6745366663517636e-05,4.858856953901595e-05,1.0734705232853848e-05,5.611241045206112e-05,4.870945939713093e-06,6.297509149910352e-06,1.957023223858061e-05,1.9477778224694415e-08,1.245958732850001e-05,4.518228657973735e-06,0.0001162786683762395,7.458520371270227e-07,1.2438532503925352e-07,3.34988923032945e-05,1.8936675378799786e-07,9.563117291356751e-07,0.0,1.6116899179082517e-05,2.5350338509407697e-07,4.347039328050129e-06,4.793542140028952e-06,4.99544748219456e-06,3.4981026453953825e-06,8.823907320910212e-07,3.8349613639147466e-08,9.670449881460504e-08,2.583369483038137e-06,3.275099171205624e-05,5.254351325370713e-07,0.0,6.010444817438304e-05,9.184243548505158e-08,2.7689515651946366e-08,1.717718710899398e-05,5.29279082911158e-08,2.296133321557258e-06,7.082434443011886e-07,4.00044725000255e-06,5.983430922426852e-07,1.638382158751895e-05,2.129349381958232e-06,2.681101718318091e-06,2.9670186447691883e-05,0.0,1.6313306929124529e-07,4.622725248324866e-05,5.3631764306273135e-06,5.983545250560957e-06,1.1547226914636756e-05,1.3629845293981088e-05,6.51702034891706e-07,9.56720458385686e-07,3.2741019193003725e-07,0.0,4.08817125500801e-05,0.0,2.877427175381997e-08,0.0,7.658794800267468e-05,1.1318836921593284e-06,1.7190337683990335e-05,6.617464577072529e-05,3.0868119560458554e-06,9.437189604935651e-07,6.26538386691222e-08,2.7568250564766244e-06,6.747167394699357e-05,3.503387506966222e-07,0.00017794649741977579,8.149820765199989e-06,0.0,3.845276334374976e-06,3.274800581880356e-05,2.236309147674749e-07,0.00021986391103898166,1.1852673432632959e-06,1.2194970443583665e-06,2.93414961375588e-06,1.669615635986392e-07,0.00014285714285714284,2.354250511386422e-06,4.75274780114123e-06,0.00018343300937609342,2.5294874615332234e-07,5.000949900278417e-07,3.55133306468711e-05,1.3827186925725705e-06,6.443059629766312e-05,0.00015971753783521568,7.07387121984479e-05,7.602495737655801e-05,1.1195491040321534e-06,1.7816341966280597e-06,8.293204922418407e-05,1.2626973364561942e-06,1.8055974505839439e-06,2.44613587945687e-07,3.4063373357797026e-06,8.425076023362735e-06,1.357140595241865e-06,8.092161792497995e-08,1.512702922794164e-05,2.2526997198204725e-06,2.0751292234845694e-07,3.636366047643796e-07,6.02931755661906e-05,1.9306867083896428e-05,0.0002110906759038818,2.3390339907114025e-07,3.149526817059459e-08,5.269594469363504e-06,8.310543974966425e-07,2.396217032265736e-07,1.8908562328825807e-05,3.244306007744223e-08,1.0612929415777429e-05,1.1796197267358602e-06,2.0990137415298654e-05,8.494168568621802e-05,9.012477594980699e-08,2.6856945447116496e-05,2.4213075060532686e-05,2.224390079575513e-06,9.686555933123513e-09,3.457826019829595e-08,3.5010358689877367e-07,5.086079427562981e-09,5.69156356652823e-05,1.508735579002424e-06,1.157945523926488e-05,4.419050517944759e-08,7.001881265458403e-07,8.241418542716198e-08,1.6597275879508166e-05,2.009171869584654e-05,4.475764100296686e-05,3.6975268071433024e-06,7.01444864000174e-07,1.8134288722701683e-06,3.07817423635884e-05,0.0,9.241670231041962e-07,4.800718984256107e-06,2.70439168858646e-06,7.481667207046914e-06,7.438969535154995e-05,1.5738124054063853e-05,3.774701376184223e-05,1.5852690781888454e-05,3.4281035374281026e-06,4.877279914979257e-07,2.1793198887457196e-05,7.854083691545e-06,7.777360104735116e-06,0.0001479946721918011,0.0,4.137352840008069e-06,8.019425391050609e-07,1.9744411963124888e-05,4.429129498888288e-06,7.469504161989045e-08,9.779398061328075e-06,6.887004910434502e-05,4.615899828889118e-06,1.9762840387285333e-05,3.8074540774872875e-08,9.840345244408634e-07,1.8093949496168166e-06,0.0,0.00016048125149986818,2.90065264684554e-07,1.70875483032097e-08,4.960394966488811e-07,4.203011339783516e-05,0.00011824046447014945,9.294938286721992e-08,4.805868041772894e-07,1.901235866687876e-06,0.0,2.354063542838832e-07,2.980777275705247e-06,3.310422737524931e-06,2.8689531147046677e-05,0.0,6.018819383633239e-08,2.5131450934514124e-06,1.5381942456909756e-05,5.331494867860369e-05,2.0292803028546627e-08,2.4037209600461516e-05,8.190301727891413e-05,3.975963149116883e-06,5.765367739429654e-07,1.2370642357727655e-07,2.5419315343749924e-08,0.0,9.056274156273453e-08,1.9787653545018483e-08
2020-04-12,1.0638200128855623e-05,5.832453718684919e-07,2.3137782376971135e-06,4.174705599530425e-05,5.78724572728524e-05,2.981523106382463e-06,8.175053327756342e-06,1.095283087673891e-06,4.983894047994501e-06,1.7760547047582565e-06,0.0002894023100240797,4.173074383743327e-08,0.0,8.902050735754492e-06,2.2025193135097903e-06,9.534211655239808e-06,3.779110964145685e-05,3.4410503462076764e-06,3.295695819644798e-05,7.715923214235782e-06,6.667950864610962e-06,3.204056626967616e-05,3.647656649351863e-07,8.472519383380006e-06,2.7591316338026277e-05,0.00011990573235699776,3.3563341670716026e-06,2.363321175745817e-07,2.9032373329521905e-05,0.0,1.799376016663178e-06,0.0,1.3581173708240201e-05,5.703826164616733e-07,7.126170997614652e-06,0.0,3.3302983214630396e-07,3.213373360305061e-06,1.316353387217753e-06,2.5566409092764977e-08,7.033054459244003e-08,1.5013002478182155e-06,3.6309038481150863e-05,2.627175662685357e-07,0.0,4.006963211625536e-05,6.122829032336772e-08,2.7689515651946366e-08,2.1097735143640032e-05,5.3543349085198545e-08,3.7492001478560236e-06,4.086019870968396e-07,4.057596496431158e-06,1.6411696244370796e-06,1.425287677549623e-05,4.183100561006704e-06,2.681101718318091e-06,2.2823220344378372e-05,0.0,1.3594422440937108e-07,4.728683236426129e-05,2.02608887379254e-05,3.989030167040638e-06,1.5875756677748555e-05,3.170820451213269e-05,1.3846853926206848e-06,1.2459615271999632e-06,2.1827346128669147e-07,0.0,3.093166610931986e-05,5.225206395652629e-07,4.0545564744019055e-08,0.0,8.83707092338554e-06,6.46790681233902e-07,2.6484511220967034e-05,5.370958600501825e-05,5.659155252750735e-06,1.8874379209871301e-06,3.1326919334561097e-07,3.254585136118237e-06,4.95524983043192e-05,9.310372278786947e-07,0.0001313414623812631,5.433213843466659e-06,2.549882067954357e-06,2.563517556249984e-06,3.44715850724248e-05,7.620016355039886e-07,0.0001654645928437697,1.5995355409087199e-06,1.5243713054479582e-06,3.851071368054593e-06,1.5411836639874387e-07,0.00014285714285714284,1.862539961539891e-06,9.900339265761884e-06,0.0001098981906394216,5.261756381360551e-07,9.340087860712092e-07,2.4949271778765703e-05,1.6354737223976638e-06,0.0001272717671955666,0.00016991227429278264,4.3819729652368834e-05,6.533749368565568e-05,6.814646720195717e-07,3.925692079642436e-06,0.00010032102728731942,8.322323353915827e-07,3.2829044556071707e-06,1.8068049109624609e-07,1.168993040233489e-05,2.330707506463052e-05,5.270229311522576e-06,1.618432358499599e-07,8.972404591083031e-06,2.0649747431687663e-06,1.1264987213201948e-06,1.497327196088622e-07,1.1304970418660738e-05,1.4441741426150644e-05,0.00012717155419153682,1.6862803188849645e-07,6.299053634118918e-08,4.7439943331243244e-06,0.0,4.792434064531472e-07,4.6385066962900804e-05,3.244306007744223e-08,1.388713104404919e-05,2.6365972587023206e-06,3.2552842670943016e-05,9.602103599311603e-05,9.012477594980699e-08,1.4231885621548912e-05,7.263922518159805e-05,2.482117985408683e-06,4.8432779665617575e-08,2.6598661690996885e-08,1.1670119563292455e-07,1.525823828268894e-08,6.455136770428084e-05,0.0,5.175665599368393e-06,6.628575776917138e-08,2.3615435904409705e-06,7.876754005427871e-08,1.8997708341420503e-05,7.534394510942452e-06,2.1773987514956848e-05,7.957077688972387e-06,1.742168241873753e-06,3.5330596994229135e-06,4.901137423002464e-05,1.659910498953825e-08,6.161113487361307e-07,2.2784435588534566e-05,1.786854141938751e-06,1.0265193468090007e-05,7.590416617585308e-05,1.5022754778879133e-05,7.205314327600632e-05,1.7437226278828715e-05,8.753677708927313e-06,2.0902628207053958e-07,5.448299721864299e-06,7.854083691545e-07,6.481133420612597e-06,0.00041015666293156306,2.707832948369749e-06,7.859274759605493e-06,5.316248292943663e-07,3.5928691613727774e-05,0.0,1.1204256242983568e-07,2.8122103233352757e-05,9.297456629086577e-05,6.740262818321042e-06,1.4580277348661559e-05,1.3326089271205507e-07,1.0952947093650817e-06,7.608312097012608e-07,5.2062020443714186e-08,0.0001134815982828286,2.636956951677764e-07,3.0757586945777464e-08,0.0,5.201857826407635e-05,7.747945884347004e-05,7.604949507317994e-08,1.3216137114875456e-07,7.860087673969357e-07,1.126658497641453e-07,6.337863384566085e-07,9.250688097016284e-07,2.3469414930214066e-06,4.899537459923595e-05,1.8164809314914216e-05,1.671894273231455e-08,4.530064085648087e-06,3.309268430218483e-05,7.968666142468178e-05,2.790260416425161e-08,1.4689405866948703e-05,9.506447392927256e-05,4.183044563133387e-06,2.2974773698479066e-06,1.5339596523582293e-07,2.6914569187499923e-08,5.012762267157882e-09,8.232976505703138e-09,4.9469133862546214e-08
>>>>>>> 877c46d9d2e3d1f5d32f28404048d915bf83f196
